old state road 1,old state road 2,old state road 3,old state road 3,TD 1,TD 2,TD 3,TD 4,TD intersection,dtcc 1,dtcc 2,dtcc 3,dtcc 4,target state 1,target state 2,target state 3,target state 4
0,0,0,0,0,0.6,0.4,0,0,1000,163,237,1000,0,0,0,0
0,0,0,0,0,0.6,0.4,0,0,1000,95,169,1000,0,0,0,0
0,0,0,0,0,0.6,0.4,0,0,1000,45,119,1000,0,1,0,0
0,1,0,0,0,0.2,0.4,0,0.4,1000,7,19,1000,0,1,0,0
0,0,0,0,0,0,0.666666667,0,0.333333333,1000,1000,9,1000,0,0,0,0
0,0,0,0,0,0,0.666666667,0.333333333,0,1000,1000,9,167,0,0,1,0
0,0,1,0,0,0,0,0.333333333,0.666666667,1000,1000,1000,57,0,0,0,0
0,0,0,0,0,0,0,1,0,1000,1000,1000,57,0,0,0,0
0,0,0,0,0,0,0,1,0,1000,1000,1000,57,0,0,0,1
0,0,0,1,0.333333333,0,0.333333333,0,0.333333333,254,1000,259,1000,0,0,0,0
0,0,0,0,0.25,0.25,0.25,0.25,0,24,189,29,143,1,0,0,0
1,0,0,0,0,0.2,0.2,0.4,0.2,1000,107,9,63,0,0,0,0
0,0,0,0,0,0.25,0.25,0.5,0,1000,9,9,63,0,0,0,1
0,0,0,1,0,0.25,0.25,0,0.5,1000,9,9,1000,0,0,0,0
0,0,0,0,0,0.5,0.5,0,0,1000,9,9,1000,0,0,1,0
0,0,1,0,0,0.5,0,0,0.5,1000,9,1000,1000,0,0,0,0
0,0,0,0,0,0.5,0,0.5,0,1000,9,1000,131,0,1,0,0
0,1,0,0,0,0.333333333,0,0.333333333,0.333333333,1000,203,1000,63,0,0,0,0
0,0,0,0,0,0.5,0,0.25,0.25,1000,167,1000,63,0,0,0,0
0,0,0,0,0,0.666666667,0,0.333333333,0,1000,9,1000,63,0,1,0,0
0,1,0,0,0,0,0,0.333333333,0.666666667,1000,1000,1000,63,0,0,0,0
0,0,0,0,0,0,0,0.333333333,0.666666667,1000,1000,1000,63,0,0,0,0
0,0,0,0,0,0.5,0,0.5,0,1000,103,1000,63,0,0,0,1
0,0,0,1,0,1,0,0,0,1000,15,1000,1000,0,0,0,0
0,0,0,0,0,1,0,0,0,1000,9,1000,1000,0,1,0,0
0,1,0,0,0,0.5,0,0,0.5,1000,147,1000,1000,0,1,0,0
0,1,0,0,0,0.5,0,0,0.5,1000,45,1000,1000,0,1,0,0
0,1,0,0,0,0,0,0.5,0.5,1000,1000,1000,198,0,0,0,0
0,0,0,0,0,0.25,0.25,0.25,0.25,1000,217,273,136,0,0,0,0
0,0,0,0,0,0.25,0.25,0.25,0.25,1000,145,201,64,0,0,0,0
0,0,0,0,0,0.25,0.5,0.25,0,1000,29,85,62,0,0,0,1
0,0,0,0,0,0.25,0.75,0,0,1000,9,9,1000,0,0,1,0
0,0,1,0,0,0.25,0.5,0,0.25,1000,9,7,1000,0,0,1,0
0,0,1,0,0,0.25,0.25,0,0.5,1000,9,3,1000,0,0,1,0
0,0,1,0,0,0.333333333,0,0,0.666666667,1000,9,1000,1000,0,0,0,0
0,0,0,0,0,0.666666667,0,0,0.333333333,1000,9,1000,1000,0,0,0,0
0,0,0,0,0,1,0,0,0,1000,9,1000,1000,0,1,0,0
0,1,0,0,0,0.666666667,0,0,0.333333333,1000,25,1000,1000,0,1,0,0
0,1,0,0,0,0.333333333,0,0,0.666666667,1000,141,1000,1000,0,1,0,0
0,1,0,0,0,0.5,0,0,0.5,1000,67,1000,1000,0,1,0,0
0,1,0,0,0,1,0,0,0,1000,3,1000,1000,0,1,0,0
0,1,0,0,0,0.5,0,0,0.5,1000,241,1000,1000,0,0,0,0
0,0,0,0,0,0.5,0,0,0.5,1000,171,1000,1000,0,0,0,0
0,0,0,0,0,1,0,0,0,1000,9,1000,1000,0,1,0,0
0,1,0,0,0,0.5,0,0,0.5,1000,181,1000,1000,0,1,0,0
0,1,0,0,0,0.333333333,0,0.333333333,0.333333333,1000,97,1000,215,0,1,0,0
0,1,0,0,0,0.333333333,0,0.333333333,0.333333333,1000,37,1000,155,0,1,0,0
0,1,0,0,0,0,0,0.5,0.5,1000,1000,1000,63,0,0,0,0
0,0,0,0,0,0,0,0.5,0.5,1000,1000,1000,63,0,0,0,0
0,0,0,0,0,0,0.5,0.5,0,1000,1000,251,63,0,0,0,1
0,0,0,1,0,0.25,0.25,0.25,0.25,1000,233,135,198,0,0,0,1
0,0,0,1,0,0.2,0.2,0.4,0.2,1000,179,81,144,0,0,0,1
0,0,0,1,0,0.25,0.25,0.5,0,1000,109,11,74,0,0,0,1
0,0,0,1,0,0.25,0.25,0.25,0.25,1000,9,9,50,0,0,0,1
0,0,0,1,0,0.4,0.2,0,0.4,1000,9,9,1000,0,0,0,0
0,0,0,0,0,0.5,0.25,0.25,0,1000,9,9,175,0,1,0,0
0,1,0,0,0,0,0.25,0.25,0.5,1000,1000,9,97,0,0,0,0
0,0,0,0,0,0,0.25,0.25,0.5,1000,1000,9,61,0,0,0,0
0,0,0,0,0,0,0.666666667,0.333333333,0,1000,1000,9,61,0,0,1,0
0,0,1,0,0,0.25,0.25,0.5,0,1000,223,99,61,0,0,0,1
0,0,0,1,0,0.333333333,0.333333333,0.333333333,0,1000,159,35,99,0,0,0,1
0,0,0,1,0,0.333333333,0.333333333,0.333333333,0,1000,111,9,51,0,0,0,1
0,0,0,1,0,0.333333333,0.333333333,0,0.333333333,1000,9,9,1000,0,0,0,0
0,0,0,0,0,0.5,0.5,0,0,1000,9,9,1000,0,0,1,0
0,0,1,0,0,0.75,0,0,0.25,1000,9,1000,1000,0,0,0,0
0,0,0,0,0,0.75,0,0,0.25,1000,9,1000,1000,0,0,0,0
0,0,0,0,0,1,0,0,0,1000,9,1000,1000,0,1,0,0
0,1,0,0,0,0.5,0,0,0.5,1000,3,1000,1000,0,1,0,0
0,1,0,0,0,0.25,0,0,0.75,1000,57,1000,1000,0,1,0,0
0,1,0,0,0,0.25,0,0,0.75,1000,37,1000,1000,0,1,0,0
0,1,0,0,0,0,0,0,1,1000,1000,1000,1000,0,1,0,0
0,0,0,0,0,0.111111111,0.777777778,0.111111111,0,1000,9,9,141,0,0,1,0
0,0,1,0,0,0.111111111,0.333333333,0.111111111,0.444444444,1000,9,55,65,0,0,1,0
0,0,1,0,0,0.125,0.375,0.25,0.25,1000,9,5,61,0,0,1,0
0,0,1,0,0,0.142857143,0.142857143,0.285714286,0.428571429,1000,9,7,61,0,0,1,0
0,0,1,0,0,0.166666667,0,0.333333333,0.5,1000,9,1000,61,0,0,0,0
0,0,0,0,0,0.2,0,0.4,0.4,1000,9,1000,61,0,0,0,0
0,0,0,0,0,0.25,0,0.5,0.25,1000,9,1000,61,0,0,0,0
0,0,0,0,0,0.333333333,0,0.666666667,0,1000,9,1000,61,0,0,0,1
0,0,0,0,0,0.25,0,0.25,0.5,1000,9,1000,188,0,0,0,0
0,0,0,0,0,0.8,0,0.2,0,1000,9,1000,82,0,1,0,0
0,1,0,0,0,0.75,0,0.25,0,1000,81,1000,62,0,1,0,0
0,1,0,0,0.25,0.5,0,0.125,0.125,260,7,1000,62,0,1,0,0
0,1,0,0,0.25,0.375,0,0.125,0.25,198,3,1000,62,0,1,0,0
0,1,0,0,0.25,0.25,0,0.125,0.375,118,25,1000,62,0,1,0,0
0,1,0,0,0.25,0,0,0.125,0.625,34,1000,1000,62,0,1,0,0
0,1,0,0,0.4,0,0,0.2,0.4,10,1000,1000,62,0,0,0,0
0,0,0,0,0.4,0.2,0,0.2,0.2,10,229,1000,62,0,0,0,0
0,0,0,0,0.5,0.25,0,0.25,0,10,107,1000,62,1,0,0,0
1,0,0,0,0,0.2,0,0.4,0.4,1000,33,1000,62,0,0,0,0
0,0,0,0,0,0.4,0,0.4,0.2,1000,9,1000,62,0,0,0,0
0,0,0,0,0.2,0.4,0,0.4,0,224,9,1000,62,0,0,0,1
0,0,0,1,0.2,0.4,0,0,0.4,144,9,1000,1000,0,0,0,1
0,0,0,1,0.25,0.5,0,0,0.25,84,9,1000,1000,0,0,0,0
0,0,0,0,0.25,0.5,0,0,0.25,10,9,1000,1000,0,0,0,0
0,0,0,0,0.25,0.5,0.25,0,0,10,9,211,1000,0,1,0,0
0,1,0,0,0.2,0,0.4,0,0.4,10,1000,139,1000,0,1,0,0
0,1,0,0,0.2,0,0.4,0,0.4,10,1000,67,1000,0,0,0,0
0,0,0,0,0.25,0,0.5,0.25,0,10,1000,9,148,0,0,1,0
0,0,0,0,0.25,0,0.5,0.25,0,10,1000,9,148,0,0,1,0
0,0,1,0,0.2,0,0,0.4,0.4,10,1000,1000,58,0,0,0,0
0,0,0,0,0.25,0,0,0.5,0.25,10,1000,1000,58,0,0,0,0
0,0,0,0,0.25,0,0,0.75,0,10,1000,1000,58,0,0,0,1
0,0,0,1,0.166666667,0.166666667,0.166666667,0.166666667,0.333333333,10,151,295,116,0,0,0,1
0,0,0,1,0.142857143,0.142857143,0.142857143,0.142857143,0.428571429,10,61,205,204,0,0,0,1
0,0,0,1,0.25,0.25,0.25,0.25,0,10,9,107,106,0,0,0,1
0,0,0,1,0.25,0.25,0.25,0.25,0,10,9,53,52,0,0,0,1
0,0,0,1,0.2,0.4,0.2,0,0.2,10,9,9,1000,0,0,0,0
0,0,0,0,0.25,0.5,0.25,0,0,10,9,9,1000,0,1,0,0
0,1,0,0,0.2,0.2,0.2,0.2,0.2,10,101,9,197,0,1,0,0
0,1,0,0,0.142857143,0.285714286,0.142857143,0.285714286,0.142857143,10,27,9,123,0,1,0,0
0,1,0,0,0.142857143,0.142857143,0.142857143,0.285714286,0.285714286,10,135,9,61,0,1,0,0
0,1,0,0,0.166666667,0.166666667,0.166666667,0.333333333,0.166666667,10,75,9,61,0,1,0,0
0,1,0,0,0.166666667,0.166666667,0.166666667,0.333333333,0.166666667,10,9,9,61,0,1,0,0
0,1,0,0,0.25,0,0.25,0.5,0,10,1000,9,61,0,0,0,0
0,0,0,0,0.2,0.2,0.2,0.4,0,10,223,9,61,0,0,0,1
0,0,0,1,0.25,0.25,0.25,0.25,0,10,163,9,59,0,0,0,1
0,0,0,0,0.142857143,0.428571429,0.285714286,0.142857143,0,10,9,9,212,0,1,0,0
0,1,0,0,0.125,0.375,0.25,0.125,0.125,10,127,9,148,0,1,0,0
0,1,0,0,0.125,0.375,0.25,0.125,0.125,10,67,9,88,0,1,0,0
0,1,0,0,0.125,0.375,0.25,0.125,0.125,10,7,9,58,0,1,0,0
0,1,0,0,0.142857143,0.142857143,0.285714286,0.142857143,0.285714286,10,33,9,58,0,1,0,0
0,1,0,0,0.2,0,0.4,0.2,0.2,10,1000,9,58,0,0,0,0
0,0,0,0,0.166666667,0.166666667,0.333333333,0.166666667,0.166666667,10,197,9,58,0,0,0,0
0,0,0,0,0.166666667,0.166666667,0.333333333,0.166666667,0.166666667,10,111,9,58,0,0,0,0
0,0,0,0,0.166666667,0.166666667,0.333333333,0.333333333,0,10,41,9,58,0,0,1,0
0,0,1,0,0.166666667,0.166666667,0,0.5,0.166666667,10,9,1000,58,0,0,0,0
0,0,0,0,0.166666667,0.166666667,0,0.5,0.166666667,10,9,1000,58,0,0,0,0
0,0,0,0,0.166666667,0.333333333,0,0.5,0,10,9,1000,58,0,0,0,1
0,0,0,1,0.166666667,0.333333333,0,0.166666667,0.333333333,10,9,1000,70,0,0,0,1
0,0,0,1,0.166666667,0.333333333,0,0,0.5,10,9,1000,1000,0,0,0,1
0,0,0,1,0.166666667,0.333333333,0,0,0.5,10,9,1000,1000,0,0,0,0
0,0,0,0,0.142857143,0.285714286,0,0.142857143,0.428571429,10,9,1000,228,0,0,0,0
0,0,0,0,0.166666667,0.5,0,0.166666667,0.166666667,10,9,1000,134,0,0,0,0
0,0,0,0,0.166666667,0.666666667,0,0.166666667,0,10,9,1000,72,0,1,0,0
0,1,0,0,0.142857143,0.428571429,0,0.142857143,0.285714286,10,49,1000,60,0,1,0,0
0,1,0,0,0.25,0.25,0,0.125,0.375,10,57,1000,60,0,1,0,0
0,1,0,0,0.285714286,0.142857143,0,0.142857143,0.428571429,10,73,1000,60,0,1,0,0
0,1,0,0,0.4,0.2,0,0.2,0.2,10,17,1000,60,0,1,0,0
0,1,0,0,0.5,0,0.166666667,0.166666667,0.166666667,10,1000,245,60,0,0,0,0
0,0,0,0,0.5,0,0.166666667,0.166666667,0.166666667,10,1000,181,60,0,0,0,0
0,0,0,0,0.5,0,0.166666667,0.166666667,0.166666667,10,1000,121,60,0,0,0,0
0,0,0,0,0.6,0,0.2,0.2,0,10,1000,51,60,1,0,0,0
1,0,0,0,0.2,0,0.2,0.2,0.4,42,1000,9,60,1,0,0,0
1,0,0,0,0,0,0.25,0.25,0.5,1000,1000,9,60,1,0,0,0
1,0,0,0,0,0,0.25,0.25,0.5,1000,1000,9,60,0,0,0,0
0,0,0,0,0,0.166666667,0.333333333,0.166666667,0.333333333,1000,217,9,60,0,0,0,0
0,0,0,0,0,0.2,0.4,0.2,0.2,1000,133,9,60,0,0,0,0
0,0,0,0,0,0.166666667,0.5,0.333333333,0,1000,39,9,60,0,0,1,0
0,0,1,0,0,0.285714286,0.285714286,0.285714286,0.142857143,1000,9,77,60,0,0,1,0
0,0,1,0,0,0.333333333,0.333333333,0.333333333,0,1000,9,25,60,0,0,1,0
0,0,1,0,0,0.285714286,0.142857143,0.428571429,0.142857143,1000,9,131,60,0,0,1,0
0,0,1,0,0,0.375,0.125,0.375,0.125,1000,9,89,60,0,0,1,0
0,0,1,0,0,0.375,0.125,0.375,0.125,1000,9,89,60,0,0,1,0
0,0,1,0,0,0.375,0.125,0.375,0.125,1000,9,39,60,0,0,1,0
0,0,1,0,0,0.375,0.125,0.375,0.125,1000,9,3,60,0,0,1,0
0,0,1,0,0,0.444444444,0,0.333333333,0.222222222,1000,9,1000,60,0,0,0,0
0,0,0,0,0,0.571428571,0,0.428571429,0,1000,9,1000,60,0,1,0,0
0,1,0,0,0,0.285714286,0,0.428571429,0.285714286,1000,3,1000,60,0,1,0,0
0,1,0,0,0,0.142857143,0,0.428571429,0.428571429,1000,29,1000,60,0,1,0,0
0,1,0,0,0,0,0,0.5,0.5,1000,1000,1000,60,0,1,0,0
0,1,0,0,0,0,0,0.5,0.5,1000,1000,1000,60,0,0,0,0
0,0,0,0,0,0,0,0.75,0.25,1000,1000,1000,60,0,0,0,0
0,0,0,0,0,0.2,0,0.6,0.2,1000,187,1000,60,0,0,0,0
0,0,0,0,0,0.25,0,0.75,0,1000,101,1000,60,0,0,0,1
0,0,0,1,0,0.25,0,0.5,0.25,1000,63,1000,85,0,0,0,1
0,0,0,1,0,0.25,0,0.5,0.25,1000,37,1000,59,0,0,0,1
0,0,0,1,0,0.25,0,0.25,0.5,1000,9,1000,83,0,0,0,1
0,0,0,1,0,0.333333333,0,0,0.666666667,1000,9,1000,1000,0,0,0,1
0,0,0,1,0,0.333333333,0,0,0.666666667,1000,9,1000,1000,0,0,0,0
0,0,0,0,0,0.5,0,0,0.5,1000,9,1000,1000,0,0,0,0
0,0,0,0,0,0.666666667,0,0.333333333,0,1000,9,1000,209,0,1,0,0
0,1,0,0,0,0.25,0,0.5,0.25,1000,131,1000,157,0,1,0,0
0,1,0,0,0,0.25,0,0.5,0.25,1000,71,1000,97,0,1,0,0
0,1,0,0,0,0.25,0,0.5,0.25,1000,11,1000,61,0,1,0,0
0,1,0,0,0.166666667,0.166666667,0,0.5,0.166666667,312,195,1000,61,0,0,0,0
0,0,0,0,0.166666667,0.166666667,0,0.5,0.166666667,268,151,1000,61,0,0,0,0
0,0,0,0,0.166666667,0.166666667,0.166666667,0.5,0,118,9,199,61,0,0,0,1
0,0,0,1,0.2,0.2,0.2,0,0.4,38,9,119,1000,0,0,0,1
0,0,0,1,0.25,0.25,0.25,0,0.25,10,9,21,1000,0,0,0,0
0,0,0,0,0.4,0.4,0.2,0,0,10,9,9,1000,0,1,0,0
0,1,0,0,0.5,0.166666667,0.166666667,0,0.166666667,10,147,9,1000,0,1,0,0
0,1,0,0,0.5,0.166666667,0.166666667,0,0.166666667,10,89,9,1000,0,1,0,0
0,1,0,0,0.5,0.166666667,0.166666667,0,0.166666667,10,17,9,1000,0,1,0,0
0,1,0,0,0.75,0,0.25,0,0,10,1000,9,1000,0,0,0,0
0,0,0,0,0.6,0.2,0.2,0,0,10,237,9,1000,1,0,0,0
1,0,0,0,0.166666667,0.166666667,0.333333333,0,0.333333333,2,167,9,1000,1,0,0,0
1,0,0,0,0,0.166666667,0.333333333,0.166666667,0.333333333,1000,101,9,242,0,0,0,0
0,0,0,0,0,0.166666667,0.333333333,0.166666667,0.333333333,1000,37,9,178,0,0,0,0
0,0,0,0,0,0.2,0.4,0.2,0.2,1000,9,9,80,0,0,0,0
0,0,0,0,0,0.2,0.4,0.4,0,1000,9,9,62,0,0,0,1
0,0,0,1,0,0.285714286,0.285714286,0.285714286,0.142857143,1000,9,9,99,0,0,0,1
0,0,0,1,0,0.285714286,0.285714286,0.142857143,0.285714286,1000,9,9,116,0,0,0,1
0,0,0,1,0,0.285714286,0.285714286,0.142857143,0.285714286,1000,9,9,72,0,0,0,1
0,0,0,1,0,0.333333333,0.333333333,0,0.333333333,1000,9,9,1000,0,0,0,1
0,0,0,1,0,0.5,0.5,0,0,1000,9,9,1000,0,0,0,0
0,0,0,0,0,0.4,0.6,0,0,1000,9,9,1000,0,0,1,0
0,0,1,0,0,0.4,0.4,0,0.2,1000,9,5,1000,0,0,1,0
0,0,1,0,0,0.5,0.25,0,0.25,1000,9,189,1000,0,0,1,0
0,0,1,0,0,0.5,0.5,0,0,1000,9,121,1000,0,1,0,0
0,1,0,0,0,0.2,0.4,0.2,0.2,1000,1,53,210,0,1,0,0
0,1,0,0,0,0.2,0.4,0.2,0.2,1000,203,9,136,0,0,0,0
0,0,0,0,0,0.333333333,0.333333333,0.166666667,0.166666667,1000,151,9,84,0,0,0,0
0,0,0,0,0,0.4,0.4,0.2,0,1000,9,9,60,0,1,0,0
0,1,0,0,0,0,0.4,0.2,0.4,1000,1000,9,60,0,1,0,0
0,1,0,0,0,0,0.5,0.25,0.25,1000,1000,9,60,0,0,0,0
0,0,0,0,0,0,0.666666667,0.333333333,0,1000,1000,9,60,0,0,1,0
0,0,1,0,0,0,0,0.333333333,0.666666667,1000,1000,1000,60,0,0,1,0
0,0,1,0,0,0,0,0.333333333,0.666666667,1000,1000,1000,60,0,0,0,0
0,0,0,0,0,0.333333333,0,0.333333333,0.333333333,1000,175,1000,60,0,0,0,0
0,0,0,0,0,0.666666667,0,0.333333333,0,1000,11,1000,60,0,1,0,0
0,1,0,0,0,0.2,0.2,0.4,0.2,1000,119,319,60,0,1,0,0
0,1,0,0,0,0.285714286,0.285714286,0.285714286,0.142857143,1000,37,237,60,0,1,0,0
0,1,0,0,0,0.285714286,0.285714286,0.285714286,0.142857143,1000,87,145,60,0,1,0,0
0,1,0,0,0,0.285714286,0.285714286,0.285714286,0.142857143,1000,33,91,60,0,1,0,0
0,1,0,0,0,0.142857143,0.285714286,0.285714286,0.285714286,1000,53,9,60,0,1,0,0
0,1,0,0,0,0,0.333333333,0.333333333,0.333333333,1000,1000,9,60,0,1,0,0
0,1,0,0,0,0,0.333333333,0.333333333,0.333333333,1000,1000,9,60,0,0,0,0
0,0,0,0,0,0,0.4,0.4,0.2,1000,1000,9,60,0,0,0,0
0,0,0,0,0,0,0.4,0.4,0.2,1000,1000,9,60,0,0,0,0
0,0,0,0,0,0,0.5,0.5,0,1000,1000,9,60,0,0,0,1
0,0,0,1,0,0.2,0.4,0,0.4,1000,183,9,1000,0,0,0,1
0,0,0,1,0,0.2,0.4,0,0.4,1000,127,9,1000,0,0,0,0
0,0,0,0,0,0.333333333,0.333333333,0,0.333333333,1000,35,9,1000,0,0,0,0
0,0,0,0,0,0.6,0.4,0,0,1000,9,9,1000,0,0,1,0
0,0,1,0,0,0.75,0.25,0,0,1000,9,3,1000,0,0,1,0
0,0,1,0,0,0.8,0,0,0.2,1000,9,1000,1000,0,0,0,0
0,0,0,0,0,1,0,0,0,1000,9,1000,1000,0,1,0,0
0,1,0,0,0,0.5,0,0,0.5,1000,57,1000,1000,0,1,0,0
0,1,0,0,0,0.5,0,0,0.5,1000,13,1000,1000,0,1,0,0
0,1,0,0,0,0.4,0,0,0.6,1000,53,1000,1000,0,1,0,0
0,1,0,0,0,0.4,0,0,0.6,1000,31,1000,1000,0,1,0,0
0,1,0,0,0,0.4,0,0,0.6,1000,9,1000,1000,0,1,0,0
0,1,0,0,0,0.25,0,0.25,0.5,1000,131,1000,217,0,1,0,0
0,1,0,0,0,0.333333333,0,0.333333333,0.333333333,1000,79,1000,165,0,1,0,0
0,1,0,0,0,0.5,0,0.5,0,1000,29,1000,115,0,1,0,0
0,1,0,0,0,0.333333333,0,0.333333333,0.333333333,1000,235,1000,71,0,1,0,0
0,1,0,0,0,0.333333333,0,0.333333333,0.333333333,1000,183,1000,63,0,1,0,0
0,1,0,0,0,0.333333333,0,0.333333333,0.333333333,1000,119,1000,63,0,1,0,0
0,1,0,0,0,0.333333333,0,0.333333333,0.333333333,1000,69,1000,63,0,1,0,0
0,1,0,0,0.333333333,0.333333333,0,0.333333333,0,316,3,1000,63,0,1,0,0
0,1,0,0,0.25,0.25,0,0.25,0.25,254,237,1000,63,0,1,0,0
0,1,0,0,0.4,0.4,0,0.2,0,188,171,1000,63,0,0,0,1
0,0,0,1,0.333333333,0.333333333,0,0.166666667,0.166666667,140,123,1000,260,0,0,0,1
0,0,0,1,0.4,0.4,0,0.2,0,62,45,1000,182,0,1,0,0
0,1,0,0,0.333333333,0.333333333,0.166666667,0.166666667,0,38,21,299,158,0,1,0,0
0,1,0,0,0.333333333,0.166666667,0.166666667,0.166666667,0.166666667,10,47,263,122,0,1,0,0
0,1,0,0,0.4,0,0.2,0.2,0.2,10,1000,207,66,0,1,0,0
0,1,0,0,0.4,0,0.2,0.2,0.2,10,1000,141,58,0,0,0,0
0,0,0,0,0.4,0,0.2,0.2,0.2,10,1000,71,58,0,0,0,0
0,0,0,0,0.285714286,0,0.428571429,0.142857143,0.142857143,10,1000,9,58,0,0,0,0
0,0,0,0,0.333333333,0,0.5,0.166666667,0,10,1000,9,58,1,0,0,0
1,0,0,0,0,0,0.5,0.166666667,0.333333333,1000,1000,9,58,1,0,0,0
1,0,0,0,0,0.142857143,0.428571429,0.142857143,0.285714286,1000,177,9,58,0,0,0,0
0,0,0,0,0,0.25,0.375,0.125,0.25,1000,113,9,58,0,0,0,0
0,0,0,0,0,0.285714286,0.428571429,0.142857143,0.142857143,1000,31,9,58,0,0,0,0
0,0,0,0,0,0.428571429,0.428571429,0.142857143,0,1000,9,9,58,0,0,1,0
0,0,1,0,0,0.428571429,0.285714286,0.142857143,0.142857143,1000,9,13,58,0,0,1,0
0,0,1,0,0,0.428571429,0,0.142857143,0.428571429,1000,9,1000,58,0,0,1,0
0,0,1,0,0,0.428571429,0,0.142857143,0.428571429,1000,9,1000,58,0,0,0,0
0,0,0,0,0,0.5,0,0.166666667,0.333333333,1000,9,1000,58,0,0,0,0
0,0,0,0,0,0.571428571,0,0.142857143,0.285714286,1000,9,1000,58,0,0,0,0
0,0,0,0,0,0.8,0,0.2,0,1000,9,1000,58,0,1,0,0
0,1,0,0,0,0.4,0,0.2,0.4,1000,11,1000,58,0,1,0,0
0,1,0,0,0,0.2,0,0.2,0.6,1000,1,1000,58,0,1,0,0
0,1,0,0,0,0,0,0.2,0.8,1000,1000,1000,58,0,1,0,0
0,0,0,0,0,0,0,0.333333333,0.666666667,1000,1000,1000,58,0,0,0,0
0,0,0,0,0,0,0,0.5,0.5,1000,1000,1000,58,0,0,0,0
0,0,0,0,0,0,0,1,0,1000,1000,1000,58,0,0,0,1
0,0,0,1,0,0.5,0,0,0.5,1000,191,1000,1000,0,0,0,0
0,0,0,0,0,0.666666667,0,0,0.333333333,1000,127,1000,1000,0,0,0,0
0,0,0,0,0,0.666666667,0,0,0.333333333,1000,57,1000,1000,0,0,0,0
0,0,0,0,0,0.666666667,0,0.333333333,0,1000,9,1000,182,0,1,0,0
0,1,0,0,0,0.333333333,0,0.333333333,0.333333333,1000,23,1000,132,0,1,0,0
0,1,0,0,0,0,0,0.333333333,0.666666667,1000,1000,1000,84,0,1,0,0
0,1,0,0,0,0,0,0.5,0.5,1000,1000,1000,58,0,0,0,0
0,0,0,0,0,0,0,0.666666667,0.333333333,1000,1000,1000,58,0,0,0,0
0,0,0,0,0,0,0,1,0,1000,1000,1000,58,0,0,0,1
0,0,0,1,0,0,0.333333333,0.333333333,0.333333333,1000,1000,249,108,0,0,0,1
0,0,0,1,0,0,0.5,0.5,0,1000,1000,203,62,0,0,0,1
0,0,0,1,0,0,0.4,0.4,0.2,1000,1000,133,230,0,0,0,1
0,0,0,1,0,0,0.4,0.4,0.2,1000,1000,69,166,0,0,0,1
0,0,0,1,0,0,0.4,0.4,0.2,1000,1000,9,98,0,0,0,1
0,0,0,1,0,0,0.6,0,0.4,1000,1000,9,1000,0,0,0,1
0,0,0,1,0,0,0.6,0,0.4,1000,1000,9,1000,0,0,0,0
0,0,0,0,0,0,0.75,0,0.25,1000,1000,9,1000,0,0,0,0
0,0,0,0,0,0,1,0,0,1000,1000,9,1000,0,0,1,0
0,0,1,0,0,0.25,0,0,0.75,1000,173,1000,1000,0,0,1,0
0,0,1,0,0,0.5,0,0,0.5,1000,89,1000,1000,0,0,1,0
0,0,1,0,0,0.5,0,0,0.5,1000,65,1000,1000,0,0,0,0
0,0,0,0,0,0.5,0,0,0.5,1000,9,1000,1000,0,0,0,0
0,0,0,0,0,1,0,0,0,1000,9,1000,1000,0,1,0,0
0,1,0,0,0,0.6,0,0,0.4,1000,85,1000,1000,0,1,0,0
0,1,0,0,0.142857143,0.428571429,0,0.142857143,0.285714286,270,9,1000,206,0,1,0,0
0,1,0,0,0.142857143,0.142857143,0,0.142857143,0.571428571,196,13,1000,132,0,1,0,0
0,1,0,0,0.166666667,0,0.166666667,0.166666667,0.5,122,1000,289,58,0,0,0,0
0,0,0,0,0.125,0.125,0.25,0.125,0.375,62,233,229,58,0,0,0,0
0,0,0,0,0.142857143,0.285714286,0.285714286,0.142857143,0.142857143,10,135,131,58,0,0,0,0
0,0,0,0,0.166666667,0.333333333,0.333333333,0.166666667,0,10,63,59,58,1,0,0,0
1,0,0,0,0,0.333333333,0.333333333,0.166666667,0.166666667,1000,9,9,58,0,0,0,0
0,0,0,0,0,0.4,0.4,0.2,0,1000,9,9,58,0,1,0,0
0,1,0,0,0,0,0.4,0.2,0.4,1000,1000,9,58,0,1,0,0
0,1,0,0,0,0,0.5,0.25,0.25,1000,1000,9,58,0,0,0,0
0,0,0,0,0.2,0,0.4,0.2,0.2,1000,1000,9,58,0,0,0,0
0,0,0,0,0.2,0.2,0.4,0.2,0,194,1000,9,58,0,0,1,0
0,0,1,0,0.166666667,0.166666667,0.166666667,0.166666667,0.333333333,120,173,285,58,0,0,1,0
0,0,1,0,0.2,0.2,0.2,0.2,0.2,64,117,229,58,0,0,1,0
0,0,1,0,0.166666667,0.333333333,0.333333333,0.166666667,0,10,13,125,58,1,0,0,0
1,0,0,0,0,0.285714286,0.428571429,0.142857143,0.142857143,1000,9,51,58,0,0,0,0
0,0,0,0,0,0.285714286,0.428571429,0.142857143,0.142857143,1000,9,9,58,0,0,0,0
0,0,0,0,0,0.333333333,0.5,0.166666667,0,1000,9,9,58,0,0,1,0
0,0,1,0,0,0.333333333,0,0.166666667,0.5,1000,9,1000,58,0,0,1,0
0,0,1,0,0,0.4,0,0.2,0.4,1000,9,1000,58,0,0,0,0
0,0,0,0,0,0.333333333,0.166666667,0.166666667,0.333333333,1000,9,303,58,0,0,0,0
0,0,0,0,0,0.5,0.25,0.25,0,1000,9,181,58,0,1,0,0
0,1,0,0,0,0,0.25,0.25,0.5,1000,1000,107,58,0,1,0,0
0,1,0,0,0,0.25,0.25,0.25,0.25,1000,193,33,58,0,1,0,0
0,1,0,0,0,0.2,0.4,0.2,0.2,1000,139,9,58,0,1,0,0
0,1,0,0,0,0.25,0.5,0.25,0,1000,59,9,58,0,0,1,0
0,0,1,0,0,0.25,0.25,0.25,0.25,1000,9,179,58,0,0,1,0
0,0,1,0,0,0.333333333,0.333333333,0.333333333,0,1000,9,133,58,0,0,1,0
0,0,1,0,0,0.4,0.2,0.4,0,1000,9,49,58,0,1,0,0
0,1,0,0,0,0.166666667,0.166666667,0.5,0.166666667,1000,153,9,58,0,1,0,0
0,1,0,0,0,0.166666667,0.166666667,0.5,0.166666667,1000,59,9,58,0,1,0,0
0,1,0,0,0,0,0.2,0.6,0.2,1000,1000,9,58,0,1,0,0
0,1,0,0,0,0,0.2,0.6,0.2,1000,1000,9,58,0,0,0,0
0,0,0,0,0,0,0.166666667,0.666666667,0.166666667,1000,1000,9,58,0,0,0,0
0,0,0,0,0,0,0.166666667,0.833333333,0,1000,1000,9,58,0,0,0,1
0,0,0,1,0,0.142857143,0.142857143,0.428571429,0.285714286,1000,237,9,107,0,0,0,1
0,0,0,1,0,0.142857143,0.142857143,0.285714286,0.428571429,1000,179,9,110,0,0,0,1
0,0,0,1,0,0.142857143,0.142857143,0.142857143,0.571428571,1000,111,9,50,0,0,0,1
0,0,0,1,0,0.142857143,0.142857143,0,0.714285714,1000,67,9,1000,0,0,0,1
0,0,0,1,0,0.2,0.2,0,0.6,1000,13,9,1000,0,0,0,0
0,0,0,0,0,0.333333333,0.166666667,0,0.5,1000,9,9,1000,0,0,0,0
0,0,0,0,0,0.4,0.2,0,0.4,1000,9,9,1000,0,0,0,0
0,0,0,0,0.2,0.4,0.4,0,0,196,9,9,1000,0,1,0,0
0,1,0,0,0.2,0.2,0.4,0,0.2,126,3,9,1000,0,1,0,0
0,1,0,0,0.166666667,0,0.5,0,0.333333333,60,1000,9,1000,0,0,0,0
0,0,0,0,0.142857143,0.142857143,0.428571429,0,0.285714286,10,215,9,1000,0,0,0,0
0,0,0,0,0.142857143,0.285714286,0.571428571,0,0,10,41,9,1000,0,0,1,0
0,0,1,0,0.125,0.375,0.25,0,0.25,10,9,3,1000,0,0,1,0
0,0,1,0,0.125,0.375,0.125,0.125,0.25,10,9,47,200,0,0,1,0
0,0,1,0,0.125,0.375,0,0.125,0.375,10,9,1000,148,0,0,1,0
0,0,1,0,0.142857143,0.428571429,0,0.142857143,0.285714286,10,9,1000,64,0,0,0,0
0,0,0,0,0.166666667,0.5,0,0.166666667,0.166666667,10,9,1000,64,0,0,0,0
0,0,0,0,0.333333333,0.5,0,0.166666667,0,10,9,1000,64,0,1,0,0
0,1,0,0,0.428571429,0.142857143,0,0.142857143,0.285714286,10,5,1000,64,0,1,0,0
0,1,0,0,0.5,0,0,0.166666667,0.333333333,10,1000,1000,64,0,0,0,0
0,0,0,0,0.571428571,0,0,0.142857143,0.285714286,10,1000,1000,64,0,0,0,0
0,0,0,0,0.8,0,0,0.2,0,10,1000,1000,64,1,0,0,0
1,0,0,0,0.333333333,0,0,0.333333333,0.333333333,60,1000,1000,64,1,0,0,0
1,0,0,0,0.2,0,0,0.4,0.4,68,1000,1000,64,1,0,0,0
1,0,0,0,0.25,0,0,0.5,0.25,16,1000,1000,64,1,0,0,0
1,0,0,0,0,0,0,0.666666667,0.333333333,1000,1000,1000,64,1,0,0,0
1,0,0,0,0,0,0,0.666666667,0.333333333,1000,1000,1000,64,0,0,0,0
0,0,0,0,0,0.25,0,0.5,0.25,1000,237,1000,64,0,0,0,0
0,0,0,0,0,0.25,0,0.5,0.25,1000,179,1000,64,0,0,0,0
0,0,0,0,0.2,0.2,0,0.6,0,320,67,1000,64,0,0,0,1
0,0,0,1,0.2,0.2,0,0.4,0.2,270,17,1000,79,0,0,0,1
0,0,0,1,0.2,0.2,0,0.2,0.4,228,9,1000,136,0,0,0,1
0,0,0,1,0.2,0.2,0,0.2,0.4,178,9,1000,86,0,0,0,1
0,0,0,1,0.166666667,0.166666667,0,0.166666667,0.5,136,9,1000,234,0,0,0,1
0,0,0,1,0.166666667,0.333333333,0,0.166666667,0.333333333,48,9,1000,146,0,0,0,1
0,0,0,1,0.2,0.4,0,0.2,0.2,10,9,1000,80,0,0,0,1
0,0,0,1,0.2,0.4,0,0,0.4,10,9,1000,1000,0,0,0,1
0,0,0,1,0.25,0.5,0,0,0.25,10,9,1000,1000,0,0,0,0
0,0,0,0,0.2,0.4,0,0.2,0.2,10,9,1000,199,0,0,0,0
0,0,0,0,0.285714286,0.285714286,0,0.285714286,0.142857143,10,9,1000,121,0,0,0,0
0,0,0,0,0.333333333,0.333333333,0,0.333333333,0,10,9,1000,57,0,1,0,0
0,1,0,0,0.333333333,0.166666667,0,0.333333333,0.166666667,10,13,1000,57,0,1,0,0
0,1,0,0,0.333333333,0,0,0.333333333,0.333333333,10,1000,1000,57,0,0,0,0
0,0,0,0,0.428571429,0,0,0.285714286,0.285714286,10,1000,1000,57,0,0,0,0
0,0,0,0,0.4,0,0.1,0.5,0,10,1000,141,57,0,0,0,1
0,0,0,1,0.444444444,0,0.111111111,0.222222222,0.222222222,10,1000,69,103,0,0,0,1
0,0,0,1,0.5,0,0.125,0.125,0.25,10,1000,9,87,0,0,0,1
0,0,0,1,0.5,0,0.125,0.125,0.25,10,1000,9,53,0,0,0,1
0,0,0,1,0.571428571,0,0.142857143,0,0.285714286,10,1000,9,1000,0,0,0,0
0,0,0,0,0.666666667,0,0.166666667,0,0.166666667,10,1000,9,1000,0,0,0,0
0,0,0,0,0.666666667,0,0.166666667,0,0.166666667,10,1000,9,1000,0,0,0,0
0,0,0,0,0.8,0,0.2,0,0,10,1000,9,1000,1,0,0,0
1,0,0,0,0.4,0,0.2,0,0.4,4,1000,9,1000,1,0,0,0
1,0,0,0,0.2,0.2,0.4,0,0.2,320,125,9,1000,0,0,0,0
0,0,0,0,0.25,0.25,0.5,0,0,244,49,9,1000,0,0,1,0
0,0,1,0,0.2,0.2,0.2,0.2,0.2,182,9,83,212,0,0,1,0
0,0,1,0,0.2,0.2,0.4,0.2,0,126,9,27,156,0,0,1,0
0,0,1,0,0.166666667,0.166666667,0.333333333,0.166666667,0.166666667,26,9,215,62,0,0,1,0
0,0,1,0,0.285714286,0.142857143,0.285714286,0.142857143,0.142857143,10,9,149,62,0,0,1,0
0,0,1,0,0.375,0.125,0.25,0.125,0.125,10,9,65,62,0,0,1,0
0,0,1,0,0.375,0.125,0.125,0.25,0.125,10,9,65,62,0,0,1,0
0,0,1,0,0.428571429,0.142857143,0,0.285714286,0.142857143,10,9,1000,62,0,0,1,0
0,0,1,0,0.5,0.166666667,0,0.333333333,0,10,9,1000,62,0,0,0,0
0,0,0,0,0.5,0.166666667,0,0.333333333,0,10,9,1000,62,1,0,0,0
1,0,0,0,0.333333333,0.166666667,0,0.333333333,0.166666667,10,9,1000,62,1,0,0,0
1,0,0,0,0.166666667,0.166666667,0,0.333333333,0.333333333,14,9,1000,62,1,0,0,0
1,0,0,0,0,0.285714286,0,0.285714286,0.428571429,1000,9,1000,62,0,0,0,0
0,0,0,0,0,0.333333333,0,0.333333333,0.333333333,1000,9,1000,62,0,0,0,0
0,0,0,0,0,0.5,0,0.333333333,0.166666667,1000,9,1000,62,0,0,0,0
0,0,0,0,0,0.666666667,0,0.333333333,0,1000,9,1000,62,0,1,0,0
0,1,0,0,0,0.285714286,0,0.428571429,0.285714286,1000,75,1000,62,0,1,0,0
0,1,0,0,0,0.333333333,0,0.5,0.166666667,1000,19,1000,62,0,1,0,0
0,1,0,0,0,0.166666667,0,0.5,0.333333333,1000,23,1000,62,0,1,0,0
0,1,0,0,0,0.2,0,0.8,0,1000,175,1000,62,0,1,0,0
0,1,0,0,0,0.2,0,0.8,0,1000,107,1000,62,0,0,0,1
0,0,0,1,0,0.2,0,0.4,0.4,1000,37,1000,52,0,0,0,1
0,0,0,1,0,0.25,0,0,0.75,1000,9,1000,1000,0,0,0,1
0,0,0,1,0,0.333333333,0,0,0.666666667,1000,9,1000,1000,0,0,0,0
0,0,0,0,0.333333333,0.666666667,0,0,0,240,9,1000,1000,0,1,0,0
0,0,0,0,0.333333333,0.666666667,0,0,0,156,79,1000,1000,0,0,0,0
0,0,0,0,0.333333333,0.666666667,0,0,0,84,9,1000,1000,0,1,0,0
0,1,0,0,0.333333333,0,0,0,0.666666667,10,1000,1000,1000,0,0,0,0
0,0,0,0,0.333333333,0,0,0,0.666666667,10,1000,1000,1000,0,0,0,0
0,0,0,0,0.333333333,0,0,0.666666667,0,10,1000,1000,137,1,0,0,0
1,0,0,0,0,0,0,0.75,0.25,1000,1000,1000,65,0,0,0,0
0,0,0,0,0,0,0,0.75,0.25,1000,1000,1000,61,0,0,0,0
0,0,0,0,0,0.25,0,0.75,0,1000,167,1000,61,0,0,0,1
0,0,0,1,0,0.25,0,0.5,0.25,1000,103,1000,59,0,0,0,1
0,0,0,1,0,0.25,0,0.25,0.5,1000,73,1000,91,0,0,0,1
0,0,0,1,0,0.25,0,0.25,0.5,1000,41,1000,59,0,0,0,1
0,0,0,1,0,0.25,0,0,0.75,1000,9,1000,1000,0,0,0,1
0,0,0,1,0,0.25,0,0,0.75,1000,9,1000,1000,0,0,0,0
0,0,0,0,0,1,0,0,0,1000,9,1000,1000,0,1,0,0
0,1,0,0,0,0,0,0,1,1000,1000,1000,1000,0,1,0,0
0,1,0,0,0,0,0,0,1,1000,1000,1000,1000,0,0,0,0
0,0,0,0,0,0.4,0.2,0.4,0,1000,99,111,70,0,0,0,1
0,0,0,1,0,0.4,0.2,0.2,0.2,1000,51,63,153,0,0,0,1
0,0,0,1,0,0.4,0.2,0.2,0.2,1000,11,23,113,0,0,0,1
0,0,0,1,0,0.333333333,0.166666667,0.333333333,0.166666667,1000,9,9,69,0,0,0,1
0,0,0,1,0,0.333333333,0.166666667,0.166666667,0.333333333,1000,9,9,213,0,0,0,1
0,0,0,1,0,0.4,0.2,0.2,0.2,1000,9,9,171,0,0,0,1
0,0,0,1,0,0.428571429,0.142857143,0.285714286,0.142857143,1000,9,9,123,0,0,0,1
0,0,0,1,0,0.5,0.166666667,0.333333333,0,1000,9,9,81,0,0,0,1
0,0,0,1,0,0.5,0.166666667,0.166666667,0.166666667,1000,9,9,155,0,0,0,1
0,0,0,1,0,0.5,0.166666667,0.166666667,0.166666667,1000,9,9,115,0,0,0,1
0,0,0,1,0,0.6,0.2,0.2,0,1000,9,9,71,0,0,0,1
0,0,0,1,0,0.6,0.2,0,0.2,1000,9,9,1000,0,0,0,1
0,0,0,1,0,0.6,0.2,0,0.2,1000,9,9,1000,0,0,0,0
0,0,0,0,0,0.666666667,0.333333333,0,0,1000,9,9,1000,0,1,0,0
0,1,0,0,0,0.5,0.333333333,0,0.166666667,1000,23,9,1000,0,1,0,0
0,1,0,0,0,0.333333333,0.333333333,0,0.333333333,1000,33,9,1000,0,1,0,0
0,1,0,0,0,0.166666667,0.333333333,0,0.5,1000,55,9,1000,0,1,0,0
0,1,0,0,0,0.285714286,0.285714286,0,0.428571429,1000,13,9,1000,0,1,0,0
0,1,0,0,0,0.142857143,0.285714286,0,0.571428571,1000,187,9,1000,0,1,0,0
0,1,0,0,0,0.166666667,0.333333333,0,0.5,1000,131,9,1000,0,1,0,0
0,1,0,0,0,0.166666667,0.333333333,0.166666667,0.333333333,1000,87,9,264,0,1,0,0
0,1,0,0,0,0.166666667,0.333333333,0.166666667,0.333333333,1000,51,9,228,0,1,0,0
0,1,0,0,0,0.2,0.4,0.2,0.2,1000,1,9,178,0,1,0,0
0,1,0,0,0,0.2,0.4,0.2,0.2,1000,193,9,114,0,1,0,0
0,1,0,0,0,0.25,0.5,0.25,0,1000,125,9,62,0,0,1,0
0,0,1,0,0,0.333333333,0.333333333,0.333333333,0,1000,69,13,62,0,0,1,0
0,0,1,0,0,0.333333333,0,0.333333333,0.333333333,1000,25,1000,62,0,0,1,0
0,0,1,0,0,0.333333333,0,0.333333333,0.333333333,1000,9,1000,62,0,0,0,0
0,0,0,0,0,0.5,0,0.5,0,1000,9,1000,62,0,0,0,1
0,0,0,1,0,0.666666667,0,0,0.333333333,1000,9,1000,1000,0,0,0,1
0,0,0,1,0,0.666666667,0,0,0.333333333,1000,9,1000,1000,0,0,0,0
0,0,0,0,0,0.666666667,0,0,0.333333333,1000,9,1000,1000,0,0,0,0
0,0,0,0,0,1,0,0,0,1000,9,1000,1000,0,1,0,0
0,1,0,0,0,0,0,0,1,1000,1000,1000,1000,0,1,0,0
0,1,0,0,0,0,0,0,1,1000,1000,1000,1000,0,0,0,0
0,0,0,0,0,0,0,1,0,1000,1000,1000,61,0,0,0,1
0,0,0,1,0,0,0,0.5,0.5,1000,1000,1000,199,0,0,0,1
0,0,0,1,0,0,0,0.5,0.5,1000,1000,1000,171,0,0,0,1
0,0,0,1,0,0,0,0.5,0.5,1000,1000,1000,135,0,0,0,1
0,0,0,1,0,0.333333333,0,0.333333333,0.333333333,1000,243,1000,97,0,0,0,1
0,0,0,1,0,0.333333333,0,0.333333333,0.333333333,1000,201,1000,55,0,0,0,1
0,0,0,1,0,0.333333333,0,0,0.666666667,1000,153,1000,1000,0,0,0,1
0,0,0,1,0,0.4,0,0.2,0.4,1000,97,1000,189,0,0,0,1
0,0,0,1,0,0.5,0,0.25,0.25,1000,53,1000,145,0,0,0,1
0,0,0,1,0,0.5,0,0.25,0.25,1000,9,1000,85,0,0,0,1
0,0,0,1,0,0.6,0,0.2,0.2,1000,9,1000,1000,0,0,0,1
0,0,0,1,0,0.666666667,0,0.166666667,0.166666667,1000,9,1000,223,0,0,0,1
0,0,0,1,0,0.666666667,0,0.166666667,0.166666667,1000,9,1000,171,0,0,0,1
0,0,0,1,0,0.666666667,0,0.166666667,0.166666667,1000,9,1000,115,0,0,0,1
0,0,0,1,0,0.666666667,0,0.166666667,0.166666667,1000,9,1000,57,0,0,0,1
0,0,0,1,0,0.8,0,0,0.2,1000,9,1000,1000,0,0,0,0
0,0,0,0,0.166666667,0.833333333,0,0,0,312,9,1000,1000,0,1,0,0
0,1,0,0,0.166666667,0.5,0,0,0.333333333,270,27,1000,1000,0,1,0,0
0,1,0,0,0.2,0.4,0,0,0.4,224,37,1000,1000,0,1,0,0
0,1,0,0,0.2,0.2,0,0,0.6,176,87,1000,1000,0,1,0,0
0,1,0,0,0.2,0.2,0,0,0.6,132,43,1000,1000,0,1,0,0
0,1,0,0,0.2,0,0,0,0.8,88,1000,1000,1000,0,1,0,0
0,1,0,0,0.2,0,0,0.2,0.6,26,1000,1000,246,0,0,0,0
0,0,0,0,0.5,0,0,0.5,0,10,1000,1000,164,1,0,0,0
1,0,0,0,0,0,0.333333333,0.333333333,0.333333333,1000,1000,289,114,1,0,0,0
0,0,0,0,0,0,0.5,0.5,0,1000,1000,169,58,0,0,0,1
0,0,0,1,0,0,0.5,0,0.5,1000,1000,121,1000,0,0,0,1
0,0,0,0,0,0,1,0,0,1000,1000,9,1000,0,0,1,0
0,0,1,0,0,0.333333333,0.333333333,0,0.333333333,1000,103,19,1000,0,0,1,0
0,0,1,0,0.25,0.25,0,0,0.5,312,71,1000,1000,0,0,1,0
0,0,1,0,0.25,0.25,0,0,0.5,270,29,1000,1000,0,0,0,0
0,0,0,0,0.25,0.25,0,0,0.5,236,9,1000,1000,0,0,0,0
0,0,0,0,0.333333333,0.333333333,0.333333333,0,0,58,9,319,1000,0,1,0,0
0,1,0,0,0.333333333,0,0.333333333,0,0.333333333,18,1000,279,1000,0,1,0,0
0,1,0,0,0.333333333,0,0.333333333,0,0.333333333,10,1000,247,1000,0,0,0,0
0,0,0,0,0.333333333,0,0.666666667,0,0,10,1000,39,1000,1,0,0,0
0,0,0,0,0,0,1,0,0,1000,1000,9,1000,0,0,1,0
0,0,1,0,0,0,0,0,1,1000,1000,1000,1000,0,0,1,0
0,0,1,0,0,0,0,0,1,1000,1000,1000,1000,0,0,1,0
0,0,0,0,0,1,0,0,0,1000,9,1000,1000,0,1,0,0
0,1,0,0,0,0.5,0,0,0.5,1000,69,1000,1000,0,1,0,0
0,1,0,0,0,0.5,0,0,0.5,1000,29,1000,1000,0,1,0,0
0,1,0,0,0,0,0,0,1,1000,1000,1000,1000,0,1,0,0
0,1,0,0,0,0.333333333,0,0,0.666666667,1000,217,1000,1000,0,1,0,0
0,1,0,0,0,0.5,0,0,0.5,1000,169,1000,1000,0,1,0,0
0,1,0,0,0,0.5,0,0,0.5,1000,143,1000,1000,0,1,0,0
0,1,0,0,0,0.5,0,0,0.5,1000,107,1000,1000,0,1,0,0
0,1,0,0,0,0.5,0,0,0.5,1000,77,1000,1000,0,1,0,0
0,1,0,0,0,1,0,0,0,1000,39,1000,1000,0,1,0,0
0,1,0,0,0.5,0,0,0,0.5,296,1000,1000,1000,0,1,0,0
0,0,0,0,0.5,0,0,0.5,0,30,1000,1000,185,1,0,0,0
1,0,0,0,0,0,0,0.5,0.5,1000,1000,1000,149,1,0,0,0
0,0,0,0,0,0,0.5,0.5,0,1000,1000,195,61,0,0,0,1
0,0,0,1,0,0,0.5,0,0.5,1000,1000,151,1000,0,0,0,1
0,0,0,0,0,0,1,0,0,1000,1000,33,1000,0,0,1,0
0,0,1,0,0,0.5,0.5,0,0,1000,241,9,1000,0,0,1,0
0,0,1,0,0,0.5,0,0,0.5,1000,199,1000,1000,0,0,1,0
0,0,0,0,0.25,0.25,0.25,0.25,0,314,13,187,143,0,1,0,0
0,1,0,0,0.25,0,0.25,0.25,0.25,278,1000,151,107,0,1,0,0
0,0,0,0,0.5,0,0.25,0.25,0,170,1000,43,57,0,0,0,1
0,0,0,0,0.666666667,0,0.333333333,0,0,10,1000,9,1000,1,0,0,0
1,0,0,0,0.333333333,0,0.333333333,0,0.333333333,24,1000,9,1000,1,0,0,0
1,0,0,0,0,0.25,0.25,0,0.5,1000,243,9,1000,1,0,0,0
0,0,0,0,0.2,0.4,0.4,0,0,298,9,9,1000,0,1,0,0
0,1,0,0,0.2,0.2,0.4,0,0.2,230,1,9,1000,0,1,0,0
0,0,0,0,0.333333333,0,0.666666667,0,0,90,1000,9,1000,0,0,1,0
0,0,1,0,0.333333333,0,0.333333333,0,0.333333333,50,1000,27,1000,0,0,1,0
0,0,1,0,0.25,0,0.25,0,0.5,10,1000,315,1000,0,0,1,0
0,0,1,0,0.2,0.2,0.2,0,0.4,10,219,269,1000,0,0,1,0
0,0,1,0,0.166666667,0.333333333,0.166666667,0,0.333333333,10,165,215,1000,0,0,1,0
0,0,1,0,0.166666667,0.333333333,0.166666667,0,0.333333333,10,89,139,1000,0,0,1,0
0,0,1,0,0.2,0.6,0.2,0,0,10,9,49,1000,0,1,0,0
0,1,0,0,0.2,0.4,0.2,0,0.2,10,9,9,1000,0,1,0,0
0,1,0,0,0.2,0.2,0.2,0,0.4,10,123,9,1000,0,1,0,0
0,1,0,0,0.4,0.2,0.2,0,0.2,10,47,9,1000,0,1,0,0
0,1,0,0,0.4,0.2,0.2,0,0.2,10,3,9,1000,0,1,0,0
0,0,0,0,0.5,0.25,0.25,0,0,10,49,9,1000,1,0,0,0
1,0,0,0,0,0.25,0.25,0,0.5,1000,9,9,1000,1,0,0,0
0,0,0,0,0,0.333333333,0.333333333,0.333333333,0,1000,9,9,220,0,0,1,0
0,0,1,0,0,0.333333333,0,0.333333333,0.333333333,1000,9,1000,170,0,0,1,0
0,0,0,0,0,0.5,0,0.5,0,1000,9,1000,58,0,1,0,0
0,1,0,0,0,0,0.333333333,0.333333333,0.333333333,1000,1000,301,58,0,1,0,0
0,0,0,0,0,0,0.333333333,0.666666667,0,1000,1000,55,58,0,0,0,1
0,0,0,1,0,0,0.333333333,0,0.666666667,1000,1000,23,1000,0,0,0,1
0,0,0,1,0,0,0.5,0,0.5,1000,1000,9,1000,0,0,0,1
0,0,0,1,0,0,0.5,0,0.5,1000,1000,9,1000,0,0,0,0
0,0,0,0,0,0.2,0.4,0.4,0,1000,9,9,60,0,0,1,0
0,0,1,0,0,0.2,0.2,0.4,0.2,1000,9,167,60,0,0,1,0
0,0,1,0,0,0.333333333,0.166666667,0.333333333,0.166666667,1000,9,119,60,0,0,1,0
0,0,1,0,0,0.333333333,0.166666667,0.333333333,0.166666667,1000,9,83,60,0,0,1,0
0,0,1,0,0,0.333333333,0.166666667,0.333333333,0.166666667,1000,9,53,60,0,0,1,0
0,0,1,0,0,0.333333333,0.166666667,0.333333333,0.166666667,1000,9,27,60,0,0,1,0
0,0,1,0,0,0.333333333,0,0.333333333,0.333333333,1000,9,1000,60,0,0,1,0
0,0,0,0,0,0.5,0,0.5,0,1000,9,1000,60,0,0,0,1
0,0,0,1,0,0.5,0,0.25,0.25,1000,9,1000,86,0,0,0,1
0,0,0,1,0,0.5,0,0,0.5,1000,9,1000,1000,0,0,0,1
0,0,0,1,0,0.5,0,0,0.5,1000,9,1000,1000,0,0,0,1
0,0,0,0,0.25,0.75,0,0,0,130,9,1000,1000,0,1,0,0
0,1,0,0,0.25,0.25,0,0,0.5,98,161,1000,1000,0,1,0,0
0,1,0,0,0.25,0.25,0,0,0.5,70,133,1000,1000,0,1,0,0
0,1,0,0,0.25,0.25,0,0.25,0.25,44,107,1000,223,0,1,0,0
0,1,0,0,0.25,0.25,0,0.25,0.25,18,81,1000,197,0,1,0,0
0,1,0,0,0.25,0.25,0,0.25,0.25,10,61,1000,177,0,1,0,0
0,1,0,0,0.25,0.25,0,0.25,0.25,10,39,1000,155,0,1,0,0
0,1,0,0,0.25,0.25,0,0.25,0.25,10,17,1000,133,0,1,0,0
0,1,0,0,0.25,0,0,0.25,0.5,10,1000,1000,113,0,1,0,0
0,1,0,0,0.25,0,0,0.25,0.5,10,1000,1000,89,0,1,0,0
0,0,0,0,0.5,0,0,0.5,0,10,1000,1000,63,1,0,0,0
1,0,0,0,0,0,0,0.5,0.5,1000,1000,1000,63,1,0,0,0
1,0,0,0,0,0,0,0.5,0.5,1000,1000,1000,63,0,0,0,0
0,0,0,0,0,0.5,0,0.5,0,1000,141,1000,63,0,0,0,1
0,0,0,0,0.333333333,0.166666667,0.5,0,0,78,9,75,1000,0,1,0,0
0,0,0,0,0.25,0,0.375,0.375,0,10,1000,9,64,0,0,1,0
0,0,1,0,0.222222222,0,0.111111111,0.444444444,0.222222222,10,1000,43,58,0,0,1,0
0,0,1,0,0.222222222,0,0.111111111,0.444444444,0.222222222,10,1000,19,58,0,0,1,0
0,0,1,0,0.25,0,0,0.5,0.25,10,1000,1000,58,0,0,1,0
0,0,1,0,0.25,0,0,0.5,0.25,10,1000,1000,58,0,0,1,0
0,0,1,0,0.25,0,0,0.5,0.25,10,1000,1000,58,0,0,0,0
0,0,0,0,0.285714286,0,0.142857143,0.571428571,0,10,1000,177,58,0,0,0,1
0,0,0,1,0.285714286,0,0.142857143,0.285714286,0.285714286,10,1000,137,77,0,0,0,1
0,0,0,1,0.285714286,0,0.142857143,0.142857143,0.428571429,10,1000,109,57,0,0,0,1
0,0,0,1,0.285714286,0,0.142857143,0,0.571428571,10,1000,87,1000,0,0,0,1
0,0,0,1,0.333333333,0,0.166666667,0,0.5,10,1000,69,1000,0,0,0,1
0,0,0,1,0.333333333,0,0.166666667,0,0.5,10,1000,51,1000,0,0,0,1
0,0,0,1,0.333333333,0,0.333333333,0,0.333333333,10,1000,9,1000,0,0,0,0
0,0,0,0,0.5,0,0.333333333,0.166666667,0,10,1000,9,253,1,0,0,0
1,0,0,0,0.142857143,0,0.285714286,0.285714286,0.285714286,90,1000,9,219,1,0,0,0
1,0,0,0,0.125,0.125,0.25,0.25,0.25,66,243,9,195,1,0,0,0
1,0,0,0,0.125,0.125,0.25,0.25,0.25,46,223,9,175,1,0,0,0
1,0,0,0,0.125,0.125,0.25,0.25,0.25,26,203,9,155,1,0,0,0
1,0,0,0,0.142857143,0.142857143,0.285714286,0.285714286,0.142857143,6,183,9,135,1,0,0,0
1,0,0,0,0,0.142857143,0.285714286,0.285714286,0.285714286,1000,163,9,115,1,0,0,0
1,0,0,0,0,0.142857143,0.285714286,0.285714286,0.285714286,1000,141,9,93,1,0,0,0
1,0,0,0,0,0.142857143,0.285714286,0.285714286,0.285714286,1000,121,9,73,1,0,0,0
0,0,0,0,0,0.285714286,0.428571429,0.285714286,0,1000,9,9,59,0,0,1,0
0,0,1,0,0,0.285714286,0.285714286,0.285714286,0.142857143,1000,9,39,59,0,0,1,0
0,0,1,0,0,0.375,0.25,0.25,0.125,1000,9,13,59,0,0,1,0
0,0,1,0,0,0.375,0.125,0.25,0.25,1000,9,193,59,0,0,1,0
0,0,1,0,0,0.375,0.125,0.25,0.25,1000,9,169,59,0,0,1,0
0,0,1,0,0,0.375,0.125,0.25,0.25,1000,9,135,59,0,0,1,0
0,0,1,0,0,0.375,0.125,0.25,0.25,1000,9,105,59,0,0,1,0
0,0,1,0,0,0.375,0.125,0.25,0.25,1000,9,65,59,0,0,1,0
0,0,1,0,0.090909091,0.272727273,0.090909091,0.363636364,0.181818182,302,9,11,59,0,0,1,0
0,0,1,0,0.111111111,0.333333333,0,0.444444444,0.111111111,224,9,1000,59,0,0,0,0
0,0,0,0,0.111111111,0.444444444,0,0.444444444,0,96,9,1000,59,0,0,0,1
0,0,0,1,0.111111111,0.444444444,0.111111111,0.222222222,0.111111111,22,9,291,184,0,0,0,1
0,0,0,1,0.111111111,0.444444444,0.111111111,0.222222222,0.111111111,10,9,237,130,0,0,0,1
0,0,0,1,0.111111111,0.444444444,0.111111111,0.222222222,0.111111111,10,9,191,84,0,0,0,1
0,0,0,1,0.111111111,0.444444444,0.111111111,0,0.333333333,10,9,145,1000,0,0,0,1
0,0,0,1,0.111111111,0.444444444,0.111111111,0,0.333333333,10,9,91,1000,0,0,0,1
0,0,0,1,0.125,0.5,0.125,0,0.25,10,9,45,1000,0,0,0,0
0,0,0,0,0.142857143,0.571428571,0.142857143,0.142857143,0,10,9,9,109,0,1,0,0
0,1,0,0,0.142857143,0.285714286,0.142857143,0.142857143,0.285714286,10,43,9,81,0,1,0,0
0,1,0,0,0.25,0.25,0.125,0.125,0.25,10,17,9,57,0,1,0,0
0,1,0,0,0.25,0,0.125,0.125,0.5,10,1000,9,57,0,1,0,0
0,1,0,0,0.25,0,0.125,0.125,0.5,10,1000,9,57,0,1,0,0
0,1,0,0,0.222222222,0,0.111111111,0.222222222,0.444444444,10,1000,9,57,0,1,0,0
0,0,0,0,0.333333333,0,0.333333333,0.333333333,0,10,1000,9,57,1,0,0,0
1,0,0,0,0.142857143,0,0.285714286,0.285714286,0.285714286,308,1000,9,57,1,0,0,0
1,0,0,0,0.142857143,0,0.285714286,0.285714286,0.285714286,282,1000,9,57,1,0,0,0
1,0,0,0,0.142857143,0,0.285714286,0.285714286,0.285714286,258,1000,9,57,1,0,0,0
1,0,0,0,0.142857143,0,0.285714286,0.285714286,0.285714286,234,1000,9,57,1,0,0,0
1,0,0,0,0.166666667,0,0.333333333,0.333333333,0.166666667,212,1000,9,57,1,0,0,0
1,0,0,0,0.166666667,0,0.333333333,0.333333333,0.166666667,188,1000,9,57,1,0,0,0
1,0,0,0,0.166666667,0,0.333333333,0.333333333,0.166666667,160,1000,9,57,1,0,0,0
1,0,0,0,0.166666667,0,0.333333333,0.5,0,50,1000,9,57,1,0,0,0
1,0,0,0,0.166666667,0,0.333333333,0.5,0,28,1000,9,57,1,0,0,0
1,0,0,0,0.142857143,0.142857143,0.285714286,0.428571429,0,8,229,9,57,1,0,0,0
1,0,0,0,0,0.142857143,0.285714286,0.428571429,0.142857143,1000,157,9,57,0,0,0,0
0,0,0,0,0.142857143,0.142857143,0.285714286,0.428571429,0,1000,55,9,57,0,0,0,1
0,0,0,1,0.142857143,0.142857143,0.285714286,0.142857143,0.285714286,292,23,9,86,0,0,0,1
0,0,0,1,0.142857143,0.142857143,0.285714286,0.142857143,0.285714286,268,9,9,62,0,0,0,1
0,0,0,1,0.166666667,0.166666667,0.333333333,0,0.333333333,248,9,9,1000,0,0,0,1
0,0,0,1,0.166666667,0.166666667,0.333333333,0,0.333333333,220,9,9,1000,0,0,0,1
0,0,0,0,0.166666667,0.333333333,0.333333333,0.166666667,0,10,9,9,130,0,0,1,0
0,0,1,0,0.166666667,0.333333333,0,0.166666667,0.333333333,10,9,1000,82,0,0,1,0
0,0,1,0,0.166666667,0.333333333,0,0.166666667,0.333333333,10,9,1000,60,0,0,1,0
0,0,0,0,0.142857143,0.285714286,0.142857143,0.428571429,0,10,9,31,60,0,0,0,1
0,0,0,1,0.142857143,0.285714286,0.142857143,0.142857143,0.285714286,10,9,9,96,0,0,0,1
0,0,0,1,0.166666667,0.333333333,0.166666667,0.166666667,0.166666667,10,9,9,64,0,0,0,1
0,0,0,1,0.166666667,0.333333333,0.166666667,0,0.333333333,10,9,9,1000,0,0,0,1
0,0,0,1,0.166666667,0.333333333,0.166666667,0,0.333333333,10,9,9,1000,0,0,0,1
0,0,0,1,0.166666667,0.333333333,0.166666667,0,0.333333333,10,9,9,1000,0,0,0,1
0,0,0,1,0.166666667,0.333333333,0.166666667,0,0.333333333,10,9,9,1000,0,0,0,0
0,0,0,0,0.2,0.2,0.4,0.2,0,10,9,9,58,0,0,1,0
0,0,1,0,0.222222222,0.222222222,0.333333333,0.222222222,0,10,9,5,58,0,0,1,0
0,0,1,0,0.222222222,0.333333333,0.222222222,0.222222222,0,10,9,3,58,0,0,1,0
0,0,1,0,0.222222222,0.333333333,0.111111111,0.222222222,0.111111111,10,9,89,58,0,0,1,0
0,0,1,0,0.25,0.375,0.125,0.25,0,10,9,19,58,0,0,1,0
0,0,1,0,0.25,0.375,0,0.25,0.125,10,9,1000,58,0,0,1,0
0,0,1,0,0.25,0.375,0,0.25,0.125,10,9,1000,58,0,0,0,0
0,0,0,0,0.25,0.375,0,0.375,0,10,9,1000,58,0,0,0,1
0,0,0,1,0.25,0.375,0,0.125,0.25,10,9,1000,77,0,0,0,1
0,0,0,1,0.25,0.375,0,0,0.375,10,9,1000,1000,0,0,0,1
0,0,0,1,0.25,0.375,0,0.125,0.25,10,9,1000,183,0,0,0,1
0,0,0,1,0.25,0.375,0,0.125,0.25,10,9,1000,127,0,0,0,1
0,0,0,1,0.333333333,0.333333333,0,0.111111111,0.222222222,10,9,1000,63,0,0,0,1
0,0,0,1,0.5,0.5,0,0,0,10,9,1000,1000,0,0,0,0
0,0,0,0,0.5,0.5,0,0,0,10,9,1000,1000,0,1,0,0
0,1,0,0,0.5,0.166666667,0,0,0.333333333,10,33,1000,1000,0,1,0,0
0,1,0,0,0.6,0,0,0,0.4,10,1000,1000,1000,0,1,0,0
0,1,0,0,0.5,0,0,0.166666667,0.333333333,10,1000,1000,222,0,0,0,0
0,0,0,0,0.6,0,0.2,0.2,0,10,1000,115,58,1,0,0,0
1,0,0,0,0.166666667,0,0.333333333,0.166666667,0.333333333,14,1000,59,58,1,0,0,0
1,0,0,0,0,0,0.4,0.2,0.4,1000,1000,9,58,0,0,0,0
0.0,0.0,0.0,0.0,0.8,0.0,0.2,0.0,0.0,10.0,1000.0,9.0,1000.0,1.0,0.0,0.0,0.0
1.0,0.0,0.0,0.0,0.4,0.0,0.2,0.0,0.4,44.0,1000.0,9.0,1000.0,1.0,0.0,0.0,0.0
1.0,0.0,0.0,0.0,0.4,0.0,0.2,0.0,0.4,12.0,1000.0,9.0,1000.0,1.0,0.0,0.0,0.0
1.0,0.0,0.0,0.0,0.16666666666666666,0.0,0.16666666666666666,0.16666666666666666,0.5,38.0,1000.0,9.0,251.0,1.0,0.0,0.0,0.0
1.0,0.0,0.0,0.0,0.2,0.0,0.2,0.2,0.4,8.0,1000.0,9.0,221.0,1.0,0.0,0.0,0.0
1.0,0.0,0.0,0.0,0.0,0.0,0.16666666666666666,0.3333333333333333,0.5,1000.0,1000.0,9.0,185.0,1.0,0.0,0.0,0.0
1.0,0.0,0.0,0.0,0.0,0.0,0.16666666666666666,0.3333333333333333,0.5,1000.0,1000.0,9.0,143.0,0.0,0.0,0.0,0.0
0.0,0.0,0.0,0.0,0.0,0.0,0.2,0.4,0.4,1000.0,1000.0,9.0,105.0,0.0,0.0,0.0,0.0
0.0,0.0,0.0,0.0,0.0,0.0,0.16666666666666666,0.5,0.3333333333333333,1000.0,1000.0,9.0,61.0,0.0,0.0,0.0,0.0
0.0,0.0,0.0,0.0,0.0,0.0,0.16666666666666666,0.6666666666666666,0.16666666666666666,1000.0,1000.0,9.0,59.0,0.0,0.0,0.0,0.0
0.0,0.0,0.0,0.0,0.0,0.0,0.2,0.8,0.0,1000.0,1000.0,9.0,59.0,0.0,0.0,0.0,1.0
0.0,0.0,0.0,1.0,0.0,0.0,0.2,0.6,0.2,1000.0,1000.0,9.0,94.0,0.0,0.0,0.0,1.0
0.0,0.0,0.0,1.0,0.0,0.16666666666666666,0.16666666666666666,0.5,0.16666666666666666,1000.0,243.0,9.0,58.0,0.0,0.0,0.0,1.0
0.0,0.0,0.0,1.0,0.0,0.2857142857142857,0.14285714285714285,0.14285714285714285,0.42857142857142855,1000.0,181.0,9.0,64.0,0.0,0.0,0.0,1.0
0.0,0.0,0.0,1.0,0.0,0.3333333333333333,0.16666666666666666,0.0,0.5,1000.0,121.0,9.0,1000.0,0.0,0.0,0.0,1.0
0.0,0.0,0.0,1.0,0.14285714285714285,0.2857142857142857,0.2857142857142857,0.0,0.2857142857142857,284.0,53.0,9.0,1000.0,0.0,0.0,0.0,0.0
0.0,0.0,0.0,0.0,0.14285714285714285,0.2857142857142857,0.42857142857142855,0.0,0.14285714285714285,214.0,9.0,9.0,1000.0,0.0,0.0,0.0,0.0
0.0,0.0,0.0,0.0,0.16666666666666666,0.3333333333333333,0.5,0.0,0.0,52.0,9.0,9.0,1000.0,0.0,0.0,1.0,0.0
0.0,0.0,1.0,0.0,0.14285714285714285,0.2857142857142857,0.2857142857142857,0.14285714285714285,0.14285714285714285,10.0,9.0,43.0,221.0,0.0,0.0,1.0,0.0
0.0,0.0,1.0,0.0,0.16666666666666666,0.3333333333333333,0.16666666666666666,0.16666666666666666,0.16666666666666666,10.0,9.0,39.0,159.0,0.0,0.0,1.0,0.0
0.0,0.0,1.0,0.0,0.16666666666666666,0.3333333333333333,0.16666666666666666,0.16666666666666666,0.16666666666666666,10.0,9.0,1.0,121.0,0.0,0.0,1.0,0.0
0.0,0.0,1.0,0.0,0.14285714285714285,0.2857142857142857,0.0,0.2857142857142857,0.2857142857142857,10.0,9.0,1000.0,75.0,0.0,0.0,1.0,0.0
0.0,0.0,1.0,0.0,0.1111111111111111,0.2222222222222222,0.1111111111111111,0.3333333333333333,0.2222222222222222,10.0,9.0,229.0,61.0,0.0,0.0,0.0,0.0
0.0,0.0,0.0,0.0,0.125,0.25,0.125,0.5,0.0,10.0,9.0,17.0,61.0,0.0,0.0,0.0,1.0
0.0,0.0,0.0,1.0,0.125,0.25,0.125,0.25,0.25,10.0,9.0,9.0,82.0,0.0,0.0,0.0,1.0
0.0,0.0,0.0,1.0,0.125,0.25,0.125,0.125,0.375,10.0,9.0,9.0,99.0,0.0,0.0,0.0,1.0
0.0,0.0,0.0,1.0,0.125,0.25,0.125,0.125,0.375,10.0,9.0,9.0,222.0,0.0,0.0,0.0,1.0
0.0,0.0,0.0,1.0,0.125,0.25,0.125,0.125,0.375,10.0,9.0,9.0,162.0,0.0,0.0,0.0,1.0
0.0,0.0,0.0,1.0,0.14285714285714285,0.2857142857142857,0.14285714285714285,0.14285714285714285,0.2857142857142857,10.0,9.0,9.0,104.0,0.0,0.0,0.0,1.0
0.0,0.0,0.0,1.0,0.125,0.25,0.25,0.125,0.25,10.0,9.0,9.0,58.0,0.0,0.0,0.0,1.0
0.0,0.0,0.0,1.0,0.16666666666666666,0.3333333333333333,0.3333333333333333,0.0,0.16666666666666666,10.0,9.0,9.0,1000.0,0.0,0.0,0.0,0.0
0.0,0.0,0.0,0.0,0.16666666666666666,0.3333333333333333,0.3333333333333333,0.0,0.16666666666666666,10.0,9.0,9.0,1000.0,0.0,0.0,0.0,0.0
0.0,0.0,0.0,0.0,0.25,0.375,0.25,0.125,0.0,10.0,9.0,9.0,174.0,0.0,1.0,0.0,0.0
0.0,1.0,0.0,0.0,0.25,0.125,0.25,0.125,0.25,10.0,201.0,9.0,128.0,0.0,1.0,0.0,0.0
0.0,1.0,0.0,0.0,0.2857142857142857,0.14285714285714285,0.2857142857142857,0.14285714285714285,0.14285714285714285,10.0,161.0,9.0,88.0,0.0,1.0,0.0,0.0
0.0,1.0,0.0,0.0,0.25,0.125,0.375,0.125,0.125,10.0,107.0,9.0,62.0,0.0,1.0,0.0,0.0
0.0,1.0,0.0,0.0,0.2222222222222222,0.1111111111111111,0.3333333333333333,0.2222222222222222,0.1111111111111111,10.0,45.0,9.0,62.0,0.0,1.0,0.0,0.0
0.0,1.0,0.0,0.0,0.25,0.0,0.375,0.25,0.125,10.0,1000.0,9.0,62.0,0.0,1.0,0.0,0.0
0.0,1.0,0.0,0.0,0.2222222222222222,0.1111111111111111,0.3333333333333333,0.2222222222222222,0.1111111111111111,10.0,227.0,9.0,62.0,0.0,0.0,0.0,0.0
0.0,0.0,0.0,0.0,0.2222222222222222,0.1111111111111111,0.3333333333333333,0.3333333333333333,0.0,10.0,31.0,9.0,62.0,0.0,0.0,1.0,0.0
0.0,0.0,1.0,0.0,0.2,0.2,0.1,0.3,0.2,10.0,9.0,15.0,62.0,0.0,0.0,1.0,0.0
0.0,0.0,1.0,0.0,0.2222222222222222,0.2222222222222222,0.0,0.3333333333333333,0.2222222222222222,10.0,9.0,1000.0,62.0,0.0,0.0,1.0,0.0
0.0,0.0,1.0,0.0,0.2222222222222222,0.3333333333333333,0.0,0.3333333333333333,0.1111111111111111,10.0,9.0,1000.0,62.0,0.0,0.0,0.0,0.0
0.0,0.0,0.0,0.0,0.2222222222222222,0.3333333333333333,0.1111111111111111,0.3333333333333333,0.0,10.0,9.0,239.0,62.0,0.0,0.0,0.0,1.0
0.0,0.0,0.0,1.0,0.2222222222222222,0.3333333333333333,0.1111111111111111,0.1111111111111111,0.2222222222222222,10.0,9.0,195.0,76.0,0.0,0.0,0.0,1.0
0.0,0.0,0.0,1.0,0.2222222222222222,0.3333333333333333,0.1111111111111111,0.0,0.3333333333333333,10.0,9.0,159.0,1000.0,0.0,0.0,0.0,1.0
0.0,0.0,0.0,1.0,0.2857142857142857,0.42857142857142855,0.14285714285714285,0.0,0.14285714285714285,10.0,9.0,63.0,1000.0,0.0,0.0,0.0,0.0
0.0,0.0,0.0,0.0,0.25,0.5,0.25,0.0,0.0,10.0,9.0,9.0,1000.0,0.0,1.0,0.0,0.0
0.0,1.0,0.0,0.0,0.25,0.25,0.25,0.0,0.25,10.0,25.0,9.0,1000.0,0.0,1.0,0.0,0.0
0.0,1.0,0.0,0.0,0.25,0.125,0.25,0.0,0.375,10.0,111.0,9.0,1000.0,0.0,1.0,0.0,0.0
0.0,1.0,0.0,0.0,0.25,0.125,0.25,0.0,0.375,10.0,53.0,9.0,1000.0,0.0,1.0,0.0,0.0
0.0,1.0,0.0,0.0,0.25,0.125,0.25,0.0,0.375,10.0,11.0,9.0,1000.0,0.0,1.0,0.0,0.0
0.0,1.0,0.0,0.0,0.2857142857142857,0.14285714285714285,0.2857142857142857,0.0,0.2857142857142857,10.0,239.0,9.0,1000.0,0.0,1.0,0.0,0.0
0.0,1.0,0.0,0.0,0.2857142857142857,0.14285714285714285,0.2857142857142857,0.0,0.2857142857142857,10.0,191.0,9.0,1000.0,0.0,0.0,0.0,0.0
0.0,0.0,0.0,0.0,0.4,0.2,0.4,0.0,0.0,10.0,9.0,9.0,1000.0,0.0,0.0,1.0,0.0
0.0,0.0,1.0,0.0,0.3333333333333333,0.16666666666666666,0.0,0.16666666666666666,0.3333333333333333,10.0,9.0,1000.0,223.0,0.0,0.0,1.0,0.0
0.0,0.0,1.0,0.0,0.3333333333333333,0.16666666666666666,0.0,0.3333333333333333,0.16666666666666666,10.0,9.0,1000.0,123.0,0.0,0.0,0.0,0.0
0.0,0.0,0.0,0.0,0.42857142857142855,0.14285714285714285,0.0,0.42857142857142855,0.0,10.0,9.0,1000.0,63.0,0.0,0.0,0.0,1.0
0.0,0.0,0.0,1.0,0.42857142857142855,0.14285714285714285,0.0,0.14285714285714285,0.2857142857142857,10.0,9.0,1000.0,114.0,0.0,0.0,0.0,1.0
0.0,0.0,0.0,1.0,0.42857142857142855,0.14285714285714285,0.0,0.14285714285714285,0.2857142857142857,10.0,9.0,1000.0,58.0,0.0,0.0,0.0,1.0
0.0,0.0,0.0,0.0,0.5714285714285714,0.2857142857142857,0.14285714285714285,0.0,0.0,10.0,9.0,255.0,1000.0,1.0,0.0,0.0,0.0
1.0,0.0,0.0,0.0,0.42857142857142855,0.2857142857142857,0.14285714285714285,0.0,0.14285714285714285,30.0,9.0,213.0,1000.0,1.0,0.0,0.0,0.0
1.0,0.0,0.0,0.0,0.2857142857142857,0.2857142857142857,0.14285714285714285,0.0,0.2857142857142857,54.0,9.0,179.0,1000.0,1.0,0.0,0.0,0.0
1.0,0.0,0.0,0.0,0.2857142857142857,0.2857142857142857,0.14285714285714285,0.0,0.2857142857142857,10.0,9.0,135.0,1000.0,1.0,0.0,0.0,0.0
1.0,0.0,0.0,0.0,0.125,0.375,0.125,0.0,0.375,36.0,9.0,99.0,1000.0,1.0,0.0,0.0,0.0
1.0,0.0,0.0,0.0,0.0,0.375,0.125,0.0,0.5,1000.0,9.0,61.0,1000.0,1.0,0.0,0.0,0.0
1.0,0.0,0.0,0.0,0.0,0.42857142857142855,0.14285714285714285,0.0,0.42857142857142855,1000.0,9.0,9.0,1000.0,0.0,0.0,0.0,0.0
0.0,0.0,0.0,0.0,0.0,0.6666666666666666,0.16666666666666666,0.16666666666666666,0.0,1000.0,9.0,9.0,142.0,0.0,1.0,0.0,0.0
0.0,1.0,0.0,0.0,0.0,0.5,0.16666666666666666,0.16666666666666666,0.16666666666666666,1000.0,33.0,9.0,108.0,0.0,1.0,0.0,0.0
0.0,1.0,0.0,0.0,0.0,0.2857142857142857,0.14285714285714285,0.2857142857142857,0.2857142857142857,1000.0,53.0,9.0,68.0,0.0,1.0,0.0,0.0
0.0,1.0,0.0,0.0,0.0,0.3333333333333333,0.16666666666666666,0.3333333333333333,0.16666666666666666,1000.0,13.0,9.0,64.0,0.0,1.0,0.0,0.0
0.0,1.0,0.0,0.0,0.0,0.16666666666666666,0.16666666666666666,0.5,0.16666666666666666,1000.0,31.0,9.0,64.0,0.0,1.0,0.0,0.0
0.0,1.0,0.0,0.0,0.14285714285714285,0.0,0.14285714285714285,0.42857142857142855,0.2857142857142857,312.0,1000.0,9.0,64.0,0.0,1.0,0.0,0.0
0.0,1.0,0.0,0.0,0.14285714285714285,0.0,0.14285714285714285,0.42857142857142855,0.2857142857142857,266.0,1000.0,9.0,64.0,0.0,0.0,0.0,0.0
0.0,0.0,0.0,0.0,0.2857142857142857,0.0,0.14285714285714285,0.5714285714285714,0.0,68.0,1000.0,9.0,64.0,0.0,0.0,0.0,1.0
0.0,0.0,0.0,1.0,0.2857142857142857,0.0,0.14285714285714285,0.2857142857142857,0.2857142857142857,10.0,1000.0,9.0,53.0,0.0,0.0,0.0,1.0
0.0,0.0,0.0,1.0,0.2857142857142857,0.0,0.2857142857142857,0.14285714285714285,0.2857142857142857,10.0,1000.0,9.0,88.0,0.0,0.0,0.0,1.0
0.0,0.0,0.0,1.0,0.25,0.0,0.375,0.0,0.375,10.0,1000.0,9.0,1000.0,0.0,0.0,0.0,1.0
0.0,0.0,0.0,0.0,0.3333333333333333,0.0,0.6666666666666666,0.0,0.0,10.0,1000.0,9.0,1000.0,0.0,0.0,1.0,0.0
0.0,0.0,1.0,0.0,0.2857142857142857,0.0,0.42857142857142855,0.14285714285714285,0.14285714285714285,10.0,1000.0,13.0,200.0,0.0,0.0,1.0,0.0
0.0,0.0,1.0,0.0,0.3333333333333333,0.0,0.3333333333333333,0.16666666666666666,0.16666666666666666,10.0,1000.0,49.0,154.0,0.0,0.0,1.0,0.0
0.0,0.0,1.0,0.0,0.4,0.0,0.4,0.2,0.0,10.0,1000.0,3.0,108.0,0.0,0.0,1.0,0.0
0.0,0.0,1.0,0.0,0.4,0.0,0.2,0.2,0.2,10.0,1000.0,5.0,60.0,0.0,0.0,1.0,0.0
0.0,0.0,1.0,0.0,0.3333333333333333,0.16666666666666666,0.0,0.16666666666666666,0.3333333333333333,10.0,233.0,1000.0,60.0,0.0,0.0,0.0,0.0
0.0,0.0,0.0,0.0,0.2857142857142857,0.2857142857142857,0.2857142857142857,0.14285714285714285,0.0,10.0,9.0,131.0,60.0,1.0,0.0,0.0,0.0
1.0,0.0,0.0,0.0,0.0,0.2857142857142857,0.2857142857142857,0.14285714285714285,0.2857142857142857,1000.0,9.0,97.0,60.0,1.0,0.0,0.0,0.0
1.0,0.0,0.0,0.0,0.0,0.2857142857142857,0.2857142857142857,0.14285714285714285,0.2857142857142857,1000.0,9.0,53.0,60.0,0.0,0.0,0.0,0.0
0.0,0.0,0.0,0.0,0.0,0.4,0.4,0.2,0.0,1000.0,9.0,9.0,60.0,0.0,1.0,0.0,0.0
0.0,1.0,0.0,0.0,0.0,0.0,0.3333333333333333,0.3333333333333333,0.3333333333333333,1000.0,1000.0,9.0,60.0,0.0,1.0,0.0,0.0
0.0,1.0,0.0,0.0,0.0,0.0,0.4,0.4,0.2,1000.0,1000.0,9.0,60.0,0.0,0.0,0.0,0.0
0.0,0.0,0.0,0.0,0.2857142857142857,0.0,0.2857142857142857,0.42857142857142855,0.0,122.0,1000.0,9.0,60.0,0.0,0.0,0.0,1.0
0.0,0.0,0.0,1.0,0.2857142857142857,0.0,0.2857142857142857,0.2857142857142857,0.14285714285714285,98.0,1000.0,9.0,98.0,0.0,0.0,0.0,1.0
0.0,0.0,0.0,1.0,0.3333333333333333,0.0,0.3333333333333333,0.3333333333333333,0.0,60.0,1000.0,9.0,60.0,0.0,0.0,0.0,1.0
0.0,0.0,0.0,1.0,0.3333333333333333,0.0,0.3333333333333333,0.16666666666666666,0.16666666666666666,20.0,1000.0,9.0,80.0,0.0,0.0,0.0,1.0
0.0,0.0,0.0,1.0,0.3333333333333333,0.0,0.3333333333333333,0.0,0.3333333333333333,10.0,1000.0,9.0,1000.0,0.0,0.0,0.0,1.0
0.0,0.0,0.0,1.0,0.4,0.0,0.4,0.0,0.2,10.0,1000.0,9.0,1000.0,0.0,0.0,0.0,0.0
0.0,0.0,0.0,0.0,0.3333333333333333,0.0,0.3333333333333333,0.16666666666666666,0.16666666666666666,10.0,1000.0,9.0,254.0,0.0,0.0,0.0,0.0
0.0,0.0,0.0,0.0,0.3076923076923077,0.07692307692307693,0.38461538461538464,0.23076923076923078,0.0,10.0,9.0,9.0,64.0,0.0,0.0,1.0,0.0
0.0,0.0,1.0,0.0,0.3076923076923077,0.07692307692307693,0.23076923076923078,0.23076923076923078,0.15384615384615385,10.0,9.0,35.0,64.0,0.0,0.0,1.0,0.0
0.0,0.0,1.0,0.0,0.3076923076923077,0.07692307692307693,0.07692307692307693,0.23076923076923078,0.3076923076923077,10.0,9.0,109.0,64.0,0.0,0.0,1.0,0.0
0.0,0.0,1.0,0.0,0.36363636363636365,0.09090909090909091,0.09090909090909091,0.2727272727272727,0.18181818181818182,10.0,9.0,45.0,64.0,0.0,0.0,1.0,0.0
0.0,0.0,1.0,0.0,0.36363636363636365,0.09090909090909091,0.09090909090909091,0.2727272727272727,0.18181818181818182,10.0,9.0,1.0,64.0,0.0,0.0,1.0,0.0
0.0,0.0,1.0,0.0,0.36363636363636365,0.09090909090909091,0.0,0.36363636363636365,0.18181818181818182,10.0,9.0,1000.0,64.0,0.0,0.0,0.0,0.0
0.0,0.0,0.0,0.0,0.4,0.1,0.0,0.5,0.0,10.0,9.0,1000.0,64.0,0.0,0.0,0.0,1.0
0.0,0.0,0.0,1.0,0.4,0.1,0.0,0.4,0.1,10.0,9.0,1000.0,80.0,0.0,0.0,0.0,1.0
0.0,0.0,0.0,1.0,0.4,0.1,0.0,0.3,0.2,10.0,9.0,1000.0,87.0,0.0,0.0,0.0,1.0
0.0,0.0,0.0,1.0,0.4,0.1,0.0,0.2,0.3,10.0,9.0,1000.0,98.0,0.0,0.0,0.0,1.0
0.0,0.0,0.0,1.0,0.4,0.1,0.0,0.2,0.3,10.0,9.0,1000.0,56.0,0.0,0.0,0.0,1.0
0.0,0.0,0.0,1.0,0.4,0.1,0.0,0.0,0.5,10.0,9.0,1000.0,1000.0,0.0,0.0,0.0,1.0
0.0,0.0,0.0,1.0,0.4,0.1,0.1,0.0,0.4,10.0,9.0,255.0,1000.0,0.0,0.0,0.0,0.0
0.0,0.0,0.0,0.0,0.5714285714285714,0.14285714285714285,0.2857142857142857,0.0,0.0,10.0,9.0,9.0,1000.0,1.0,0.0,0.0,0.0
1.0,0.0,0.0,0.0,0.2857142857142857,0.14285714285714285,0.2857142857142857,0.0,0.2857142857142857,14.0,9.0,9.0,1000.0,1.0,0.0,0.0,0.0
1.0,0.0,0.0,0.0,0.16666666666666666,0.16666666666666666,0.3333333333333333,0.0,0.3333333333333333,18.0,9.0,9.0,1000.0,1.0,0.0,0.0,0.0
1.0,0.0,0.0,0.0,0.0,0.16666666666666666,0.3333333333333333,0.0,0.5,1000.0,9.0,9.0,1000.0,0.0,0.0,0.0,0.0
0.0,0.0,0.0,0.0,0.2857142857142857,0.42857142857142855,0.2857142857142857,0.0,0.0,10.0,9.0,9.0,1000.0,0.0,1.0,0.0,0.0
0.0,1.0,0.0,0.0,0.2857142857142857,0.14285714285714285,0.2857142857142857,0.0,0.2857142857142857,10.0,33.0,9.0,1000.0,0.0,1.0,0.0,0.0
0.0,1.0,0.0,0.0,0.375,0.0,0.25,0.0,0.375,10.0,1000.0,9.0,1000.0,0.0,1.0,0.0,0.0
0.0,1.0,0.0,0.0,0.5,0.0,0.25,0.0,0.25,10.0,1000.0,9.0,1000.0,0.0,0.0,0.0,0.0
0.0,0.0,0.0,0.0,0.4,0.0,0.5,0.1,0.0,10.0,1000.0,9.0,62.0,0.0,0.0,1.0,0.0
0.0,0.0,1.0,0.0,0.4,0.0,0.3,0.1,0.2,10.0,1000.0,21.0,62.0,0.0,0.0,1.0,0.0
0.0,0.0,1.0,0.0,0.4,0.0,0.2,0.1,0.3,10.0,1000.0,43.0,62.0,0.0,0.0,1.0,0.0
0.0,0.0,1.0,0.0,0.4444444444444444,0.0,0.1111111111111111,0.1111111111111111,0.3333333333333333,10.0,1000.0,59.0,62.0,0.0,0.0,1.0,0.0
0.0,0.0,1.0,0.0,0.4444444444444444,0.0,0.1111111111111111,0.2222222222222222,0.2222222222222222,10.0,1000.0,15.0,62.0,0.0,0.0,1.0,0.0
0.0,0.0,1.0,0.0,0.5555555555555556,0.0,0.0,0.2222222222222222,0.2222222222222222,10.0,1000.0,1000.0,62.0,0.0,0.0,0.0,0.0
0.0,0.0,0.0,0.0,0.625,0.0,0.125,0.25,0.0,10.0,1000.0,153.0,62.0,1.0,0.0,0.0,0.0
1.0,0.0,0.0,0.0,0.5,0.0,0.125,0.25,0.125,40.0,1000.0,125.0,62.0,1.0,0.0,0.0,0.0
1.0,0.0,0.0,0.0,0.5,0.0,0.125,0.25,0.125,4.0,1000.0,89.0,62.0,1.0,0.0,0.0,0.0
1.0,0.0,0.0,0.0,0.375,0.0,0.125,0.25,0.25,24.0,1000.0,49.0,62.0,1.0,0.0,0.0,0.0
1.0,0.0,0.0,0.0,0.25,0.0,0.125,0.25,0.375,48.0,1000.0,11.0,62.0,1.0,0.0,0.0,0.0
1.0,0.0,0.0,0.0,0.25,0.0,0.125,0.25,0.375,12.0,1000.0,9.0,62.0,1.0,0.0,0.0,0.0
1.0,0.0,0.0,0.0,0.125,0.0,0.125,0.25,0.5,40.0,1000.0,9.0,62.0,1.0,0.0,0.0,0.0
1.0,0.0,0.0,0.0,0.1111111111111111,0.1111111111111111,0.1111111111111111,0.2222222222222222,0.4444444444444444,8.0,233.0,9.0,62.0,1.0,0.0,0.0,0.0
1.0,0.0,0.0,0.0,0.0,0.14285714285714285,0.14285714285714285,0.2857142857142857,0.42857142857142855,1000.0,163.0,9.0,62.0,0.0,0.0,0.0,0.0
0.0,0.0,0.0,0.0,0.4,0.1,0.3,0.2,0.0,10.0,9.0,9.0,62.0,1.0,0.0,0.0,0.0
1.0,0.0,0.0,0.0,0.2727272727272727,0.18181818181818182,0.2727272727272727,0.18181818181818182,0.09090909090909091,36.0,9.0,9.0,62.0,1.0,0.0,0.0,0.0
1.0,0.0,0.0,0.0,0.16666666666666666,0.25,0.25,0.16666666666666666,0.16666666666666666,58.0,9.0,9.0,62.0,1.0,0.0,0.0,0.0
1.0,0.0,0.0,0.0,0.16666666666666666,0.25,0.25,0.16666666666666666,0.16666666666666666,20.0,9.0,9.0,62.0,1.0,0.0,0.0,0.0
1.0,0.0,0.0,0.0,0.08333333333333333,0.25,0.25,0.16666666666666666,0.25,62.0,9.0,9.0,62.0,1.0,0.0,0.0,0.0
1.0,0.0,0.0,0.0,0.15384615384615385,0.23076923076923078,0.23076923076923078,0.15384615384615385,0.23076923076923078,30.0,9.0,9.0,62.0,1.0,0.0,0.0,0.0
1.0,0.0,0.0,0.0,0.07692307692307693,0.23076923076923078,0.23076923076923078,0.15384615384615385,0.3076923076923077,276.0,9.0,9.0,62.0,1.0,0.0,0.0,0.0
1.0,0.0,0.0,0.0,0.08333333333333333,0.25,0.25,0.16666666666666666,0.25,216.0,9.0,9.0,62.0,1.0,0.0,0.0,0.0
1.0,0.0,0.0,0.0,0.1,0.3,0.3,0.2,0.1,110.0,9.0,9.0,62.0,1.0,0.0,0.0,0.0
1.0,0.0,0.0,0.0,0.0,0.3333333333333333,0.3333333333333333,0.2222222222222222,0.1111111111111111,1000.0,9.0,9.0,62.0,1.0,0.0,0.0,0.0
1.0,0.0,0.0,0.0,0.0,0.3333333333333333,0.3333333333333333,0.2222222222222222,0.1111111111111111,1000.0,9.0,9.0,62.0,1.0,0.0,0.0,0.0
1.0,0.0,0.0,0.0,0.0,0.3,0.4,0.2,0.1,1000.0,9.0,9.0,62.0,0.0,0.0,0.0,0.0
0.0,0.0,0.0,0.0,0.1,0.3,0.4,0.2,0.0,264.0,9.0,9.0,62.0,0.0,0.0,1.0,0.0
0.0,0.0,1.0,0.0,0.1,0.3,0.2,0.2,0.2,226.0,9.0,33.0,62.0,0.0,0.0,1.0,0.0
0.0,0.0,1.0,0.0,0.1,0.3,0.0,0.2,0.4,178.0,9.0,1000.0,62.0,0.0,0.0,1.0,0.0
0.0,0.0,1.0,0.0,0.1,0.3,0.0,0.3,0.3,114.0,9.0,1000.0,62.0,0.0,0.0,0.0,0.0
0.0,0.0,0.0,0.0,0.125,0.375,0.0,0.5,0.0,10.0,9.0,1000.0,62.0,0.0,0.0,0.0,1.0
0.0,0.0,0.0,1.0,0.125,0.375,0.0,0.375,0.125,10.0,9.0,1000.0,89.0,0.0,0.0,0.0,1.0
0.0,0.0,0.0,1.0,0.2222222222222222,0.3333333333333333,0.0,0.2222222222222222,0.2222222222222222,10.0,9.0,1000.0,101.0,0.0,0.0,0.0,1.0
0.0,0.0,0.0,1.0,0.2222222222222222,0.3333333333333333,0.0,0.1111111111111111,0.3333333333333333,10.0,9.0,1000.0,103.0,0.0,0.0,0.0,1.0
0.0,0.0,0.0,1.0,0.2222222222222222,0.3333333333333333,0.0,0.1111111111111111,0.3333333333333333,10.0,9.0,1000.0,61.0,0.0,0.0,0.0,1.0
0.0,0.0,0.0,1.0,0.2222222222222222,0.3333333333333333,0.0,0.1111111111111111,0.3333333333333333,10.0,9.0,1000.0,190.0,0.0,0.0,0.0,1.0
0.0,0.0,0.0,1.0,0.2222222222222222,0.3333333333333333,0.0,0.1111111111111111,0.3333333333333333,10.0,9.0,1000.0,150.0,0.0,0.0,0.0,1.0
0.0,0.0,0.0,1.0,0.2857142857142857,0.42857142857142855,0.0,0.14285714285714285,0.14285714285714285,10.0,9.0,1000.0,98.0,0.0,0.0,0.0,1.0
0.0,0.0,0.0,1.0,0.2857142857142857,0.42857142857142855,0.0,0.14285714285714285,0.14285714285714285,10.0,9.0,1000.0,64.0,0.0,0.0,0.0,1.0
0.0,0.0,0.0,1.0,0.3333333333333333,0.5,0.0,0.0,0.16666666666666666,10.0,9.0,1000.0,1000.0,0.0,0.0,0.0,1.0
0.0,0.0,0.0,1.0,0.3333333333333333,0.5,0.0,0.0,0.16666666666666666,10.0,9.0,1000.0,1000.0,0.0,0.0,0.0,0.0
0.0,0.0,0.0,0.0,0.3333333333333333,0.5,0.16666666666666666,0.0,0.0,10.0,9.0,261.0,1000.0,0.0,1.0,0.0,0.0
0.0,1.0,0.0,0.0,0.3333333333333333,0.16666666666666666,0.16666666666666666,0.0,0.3333333333333333,10.0,31.0,219.0,1000.0,0.0,1.0,0.0,0.0
0.0,1.0,0.0,0.0,0.4,0.0,0.2,0.0,0.4,10.0,1000.0,169.0,1000.0,0.0,1.0,0.0,0.0
0.0,1.0,0.0,0.0,0.4,0.0,0.2,0.0,0.4,10.0,1000.0,123.0,1000.0,0.0,0.0,0.0,0.0
0.0,0.0,0.0,0.0,0.4,0.0,0.2,0.0,0.4,10.0,1000.0,67.0,1000.0,0.0,0.0,0.0,0.0
0.0,0.0,0.0,0.0,0.3333333333333333,0.16666666666666666,0.16666666666666666,0.3333333333333333,0.0,10.0,43.0,9.0,89.0,1.0,0.0,0.0,0.0
1.0,0.0,0.0,0.0,0.16666666666666666,0.16666666666666666,0.16666666666666666,0.3333333333333333,0.16666666666666666,38.0,11.0,9.0,61.0,1.0,0.0,0.0,0.0
1.0,0.0,0.0,0.0,0.16666666666666666,0.16666666666666666,0.16666666666666666,0.3333333333333333,0.16666666666666666,10.0,9.0,9.0,61.0,1.0,0.0,0.0,0.0
1.0,0.0,0.0,0.0,0.0,0.16666666666666666,0.16666666666666666,0.3333333333333333,0.3333333333333333,1000.0,9.0,9.0,61.0,1.0,0.0,0.0,0.0
1.0,0.0,0.0,0.0,0.0,0.2857142857142857,0.14285714285714285,0.2857142857142857,0.2857142857142857,1000.0,9.0,9.0,61.0,0.0,0.0,0.0,0.0
